groupType,groupTypeLabel
Q2112401,project choir
Q210167,video game developer
Q112902062,composer duo
Q253137,rock opera
Q7725310,series of creative works
Q482994,album
Q1400264,artist collective
Q17148672,social club
Q5,human
Q84573221,lesbian choir
Q140007356,country music duo
Q6881511,enterprise
Q12078521,Q12078521
Q3697119,crew
Q2146905,revival
Q1407245,entertainment television program
Q1641911,Orchestras of Prisoners in Nazi Camps
Q13430821,crowd
Q54982412,songwriting team
Q114508900,"Wedding, Wedding"
Q2085381,publishing house
Q3260010,Q3260010
Q639669,musician
Q19812,fanfare band
Q7247847,production team
Q20671381,album series
Q10928159,local idol
Q102241450,vaudeville act
Q559618,fictional universe
Q1426710,marching band
Q162633,academy
Q60557909,collective author
Q207378,big band
Q126683136,digital arts organisation
Q1195153,Rock Band
Q11310356,junior orchestra
Q66715801,musical profession
Q5074423,charitable incorporated organisation
Q108424578,idol group
Q2095173,jam band
Q1304271,one-man band
Q6619719,fictional musical ensemble
Q43136500,piano duo
Q61002,pseudonym
Q11425,animation
Q2500807,diplomatarium
Q20897549,art institution
Q1775755,school band
Q1145523,collaboration
Q97499974,Q97499974
Q1826687,quartet
Q11284860,amateur orchestra
Q10501606,Joint Military Unit
Q432536,brass quintet
Q122802597,all-female orchestra
Q29428403,pentad
Q14523806,military marching band
Q682169,pep band
Q47114558,art catalog
Q7503076,show choir
Q2319498,architectural landmark
Q109289221,female duo
Q1616327,amateur choir
Q62693579,quintuplets
Q20730556,Centre national de création musicale
Q42998,orchestra
Q29428439,hexad
Q11012,robot
Q7229089,pop duo
Q18198239,father and son
Q345844,crew
Q7627836,student group
Q3152824,cultural institution
Q25488614,military amateur band
Q2946459,Celtic circle
Q12376778,vocal trio
Q56231285,encyclopedia of artists
Q2906832,carnival block
Q19347977,overtone choir
Q3437096,house band
Q1261230,drum and bugle corps
Q5420001,exempt charity
Q27658988,reality television participant
Q2516866,publisher
Q153562,opera house
Q132776456,twin brother duo
Q1245536,tuna
Q49614,nickname
Q15787312,beat band
Q95678620,forening/lag/innretning
Q3244156,brass band
Q18510489,comedy troupe
Q1723154,chamber choir
Q105756328,death metal band
Q1538570,gospel choir
Q572916,found object
Q12973014,sports team
Q29881657,vocal-musical ensemble
Q78425721,musical family
Q290702,music chapel
Q4122815,VIA
Q18127,record label
Q117793939,battalion (Spain)
Q48204,voluntary association
Q21190845,fictional duo
Q25178247,professional wrestling stable
Q130618260,Chinese chamber orchestra
Q55753593,sibling trio
Q1593580,Q1593580
Q24354,theatre building
Q61237259,Auto racing girls unit
Q17558136,YouTube channel
Q104439876,fictional trio
Q136461192,gugak orchestra
Q114373815,revue group
Q120145199,JSDF Band
Q15281035,club activity
Q2385804,educational institution
Q104649845,film organization
Q125919847,group of fictional humans
Q5100854,Chinese orchestra
Q5741069,rock band
Q672070,photographic studio
Q71129815,electronica duo
Q11664233,Q11664233
Q110376455,Government body of Australia
Q2997126,string section
Q3046146,married couple
Q105528469,Q105528469
Q8341,jazz
Q1294626,music artist
Q947873,television presenter
Q2746731,parody music
Q11483816,annual event
Q625994,convention
Q4863056,Baroque orchestra
Q2865836,artivism
Q11639602,tsusho
Q125919226,Q125919226
Q19324498,Fest-Noz group
Q117539023,student organization of Syracuse University
Q120544,vocal group
Q23005223,division of an educational institution
Q2378505,promoter
Q872,radio
Q781132,military branch
Q988108,club
Q1595434,special education
Q2393314,dance troupe
Q10682349,student orchestra
Q19604123,vocal quintet
Q9633356,stage assistant
Q176799,military unit
Q838948,work of art
Q19464263,rap group
Q269770,boarding school
Q53869202,girls' choir
Q6942541,musical collective
Q109289331,male trio
Q1753063,children's choir
Q1352923,salon orchestra
Q1428470,klapa
Q1241025,research group
Q1492889,gamba ensemble
Q8317,visual effects
Q7366,song
Q641066,girl group
Q37073,pop music
Q15911314,association
Q126480223,VTuber agency
Q1802963,mansion
Q2176061,radio choir
Q21081471,Q21081471
Q805233,ballet company
Q104907539,IDF military unit
Q132776479,twin sister duo
Q21980538,commercial organization
Q28469887,music academy
Q64728693,non-existent entity
Q1711403,youth symphony orchestra
Q18683422,Musical Group
Q6458277,LGBTQ+ rights organization
Q16335296,historical profession
Q64514668,ska band
Q115256143,brass quartet
Q25634299,gastronomic brotherhood
Q334453,division
Q11812394,theatre company
Q16886379,Dance ensemble
Q53361238,association
Q115898316,department of a sports club
Q239582,symphony orchestra
Q139968392,brother-sister twin duo
Q1238715,Q1238715
Q386724,work
Q1528243,multi-genre theatre
Q1779527,Studentenverbindung
Q201662,alter ego
Q13136,reference work
Q136145270,folklore group
Q19334262,cabaret ensemble
Q41176,building
Q112277305,banda de congo
Q6452410,Christian music
Q2005853,Charanga
Q5354754,talent agency
Q66736191,ground forces unit
Q1245326,Q1245326
Q85942930,artistic duo
Q1075338,jug band
Q1713379,boys' school
Q29042997,double family name
Q55740544,CGI character
Q6015263,incorporated society
Q1456785,rhythm section
Q138304223,VTuber Group
Q929651,grassroots movement
Q5341295,educational organization
Q99250424,septet
Q105771385,reggae band
Q1685451,student society
Q109288825,male duo
Q3627283,social promotion association
Q1802152,Landesbühne
Q109288863,group of women
Q226008,Japanese idol
Q11731194,cimbalom ensemble
Q181847,cover band
Q16154562,British brass band
Q106781553,tamburica ensemble
Q19314966,theatre comedy group
Q2216340,silversmith
Q57774016,Barbershop chorus
Q1513143,Orquesta típica
Q7229599,pops orchestra
Q105756498,type of musical group
Q2422679,stage performance
Q57936775,remixer
Q18670161,mascot
Q389888,quintet
Q1542343,independent record label
Q15711870,animated character
Q7168296,performing arts presenting organization
Q11484347,Familia
Q685935,trade magazine
Q20715189,barbershop quartet
Q133309046,state agency of North Carolina
Q16979650,group of siblings
Q7623897,all-female band
Q2635894,radio drama
Q190084,hoax
Q32178211,music organization
Q884722,Recorder ensemble
Q16145172,trio
Q1776834,boys' choir
Q1381931,event management
Q1238720,volume
Q70380618,children's entertainer
Q9300584,garage band
Q762048,concert band
Q163740,nonprofit organization
Q7896796,university organization
Q56816954,heavy metal band
Q84310035,record production team
Q15811601,mixed public company
Q7062022,not-for-profit arts organization
Q2470540,chamber orchestra
Q3375722,theatrical character
Q4830453,business
Q106015533,wedding music
Q109940,duet
Q8026379,winter guard
Q11250823,church choir
Q105825074,lesbian couple
Q106821425,Love Live! music group
Q1274902,section
Q2013644,dōjin circle
Q2442401,record company
Q219160,couple
Q116280499,handbell choir
Q29441572,heptad
Q157031,foundation
Q17486927,fictional frog or toad
Q123146758,comedy trio
Q3658341,literary character
Q11404,drum
Q6168416,jazz trio
Q7167188,percussion ensemble
Q2276525,sound system
Q7628270,studio band
Q3287171,Q3287171
Q3736859,virtual band
Q80003726,military music unit
Q105543609,musical work/composition
Q125959397,Autonomous Crown Entity
Q25524086,folk orchestra
Q28503947,co-ed group
Q5110343,Christian music festival
Q1548406,national theatre
Q2088357,musical ensemble
Q28648855,police unit
Q170584,project
Q3054878,early music ensemble
Q13406463,Wikimedia list article
Q327245,team
Q18674739,event venue
Q105755278,harmony orchestra
Q8436,family
Q4618,Carnival
Q178706,institution
Q487914,pop-punk
Q29787068,string trio
Q7849169,trío romántico
Q66480858,affixed family name
Q19464251,hip-hop collective
Q4539,cooperative
Q7328910,art collection
Q7558495,solo musical project
Q2989770,cobla
Q102538,company
Q16017119,collective pseudonym
Q431289,brand
Q55155641,VTuber
Q31837091,university orchestra
Q1569167,video game character
Q24389049,guilds of arms
Q742421,theatre company
Q1666019,pressure group
Q4502119,art group
Q11420275,dantai
Q104764681,interfaith organization
Q113292621,folk music group
Q2914170,street artist
Q19351429,a cappella group
Q3276909,mixed choir
Q2742167,religious community
Q12160242,art society
Q3269648,community organization
Q109289287,female trio
Q5256141,demogroup
Q196600,media franchise
Q115167713,writing crew
Q15803951,country music group
Q29428373,tetrad
Q41253,movie theater
Q8341851,Basque center
Q1728160,Q1728160
Q11446438,female idol group
Q25391823,punk band
Q547833,septet
Q48805843,police band
Q1371914,soloist
Q95074,character
Q1060829,concert hall
Q2416217,theatre troupe
Q850978,seiyū vocalist group
Q1684352,men's chorus
Q28057350,opera festival
Q29441699,octad
Q72112388,Official Artist Channel
Q1364157,philharmonic society
Q58483083,dramatico-musical work
Q43229,organization
Q2382616,dweilorkest
Q68840666,musical group name
Q5154918,community band
Q136458767,"group of men, boys, or both"
Q126510424,trombone quartet
Q11332941,folk duo
Q117734556,school marching band
Q53869196,folk dancer
Q14623646,fictional organization
Q384964,Singakademie
Q17524420,aspect of history
Q3361987,charity supergroup
Q11264216,fanfare orchestra
Q122937877,progressive rock band
Q8425,society
Q17537576,creative work
Q215380,musical group
Q215048,supergroup
Q708676,charitable organization
Q19828539,United States Air Force squadron
Q20819922,opera company
Q216337,boy band
Q131186,choir
Q189975,Inuit
Q12406993,Q12406993
Q979789,trombone choir
Q488205,singer-songwriter
Q106625023,choral society
Q120146739,United States air force band unit
Q63536580,video game composer
Q2393375,dance orchestra
Q28806161,supporting role
Q2418495,independent school
Q2641403,samba school
Q116621414,drumline ensemble
Q5358395,electronic musician
Q36834,composer
Q11396960,production company
Q7406594,Salvation Army Brass Band
Q532,village
Q15416,television program
Q3922505,DJ producer
Q4164871,position
Q71186602,musician role
Q7358,clown
Q17376040,private limited company
Q1815419,banda group
Q9299236,eingetragener Verein
Q883323,brass ensemble
Q84486405,calypso band
Q336473,aid agency
Q10648343,duo
Q111151985,Q111151985
Q728646,partnership
Q113016974,gamelan
Q2301325,identical twins
Q207338,string quartet
Q30022,café
Q183945,record producer
Q18009433,animatronic show
Q10879990,public institution
Q12765907,folk ensemble
Q11303455,Q11303455
Q2927074,internet meme
Q56297666,accordion orchestra
Q27741749,group of cats
Q829080,professional association
Q137927347,Q137927347
Q1195253,sea shanty
Q3356664,Orpheon
Q6419444,rondalla
Q146,cat
Q29430681,triad
Q2016626,power trio
Q1340826,Q1340826
Q193544,music theory
Q2358528,Q2358528
Q15056993,aircraft family
Q107036379,visual kei band
Q12302,bagad
Q1261240,Q1261240
Q15893266,former entity
Q1561361,dance studio
Q10549978,cultural association
Q1824104,Liedertafel
Q136450043,ad hoc orchestra
Q112316042,Meskie Granie Orkiestra
Q25516818,folk dance group
Q1028598,camerata
Q115955463,trio
Q131693011,DJ collective
Q7623969,string band
Q881942,wind orchestra
Q109288804,group of sisters
Q874405,social group
Q7725634,literary work
Q131466986,Russian horn orchestra
Q106368691,minstrel troupe
Q1451652,women's chorus
Q327333,government agency
Q137770539,drag group
Q81062850,habaneras choral group
Q1078286,military band
Q97375658,Przyjaciele Pewnej Ryby
Q380962,cooperation
Q184644,conservatory
Q6048453,ochote
Q17633526,Wikinews article
Q47928,circus
Q19201596,symphonic radio orchestra
Q1141470,double act
Q101430687,spouse duo
Q109647055,faculty web page
Q177220,singer
Q1021290,music school
Q1820625,LGBT chorus
Q16142822,afoxé
Q10526411,horn septet
Q61241012,Ugandans
Q107736918,series of concerts
Q11288436,wind ensemble
Q43099500,performing arts production
Q16826311,charanga
Q20739124,entertainment company
Q1261571,radio orchestra
Q1572070,youth organization
Q2699757,fireworks festival
Q10526681,court chapel
Q9385064,Template:Ur icon
Q19191604,chamber music ensemble
Q118917982,felibrean school
Q847017,sports club
Q106581115,black metal band
Q4686758,advertising character
Q1398645,vocal quartet
Q478798,image
Q1407666,oratorio choir
Q133163,percussion instrument
Q169930,extended play
Q1573906,concert tour
Q64596595,instrumental band
Q2198855,cultural movement
Q21998289,sinfonietta
Q13473501,collective
Q105815710,performing arts group
Q389435,Jamaican sound system
Q213369,webcomic
Q64606659,LGBTQ+ organization
Q779817,event organizer
Q1944586,sextet
Q713200,performing artist
Q79913,non-governmental organization
Q7438710,Scramble band
Q28415786,Three Greats
Q98645843,Wikimedia music-related list
Q130730011,instrumental duo
Q11513034,association under the French law of 1901
Q65115256,music video character
Q3937,supernova
Q11072804,instrumental ensemble
Q222836,music publisher
Q130857,disc jockey
Q1066670,tag team
Q139967959,husband-and-wife duo
Q109288828,group of men
Q1729207,Christian ministry
Q373712,octet
Q716060,music of Korea
Q1329623,cultural center
Q868557,music festival
Q11298102,guitar ensemble
Q11578153,male idol group
Q783874,nasheed
Q136466093,LGBT music group
Q14514600,group of fictional characters
Q1190668,tribute band
Q2972150,choir
Q230247,mandolin orchestra
Q24300735,Handel society
Q783794,company
Q1076344,Scholae
Q2707384,side project
Q1050259,catalogue raisonné
Q1734138,carnival association
Q115558749,father and daughter
Q1135557,quartet
Q140010957,sibling musical quartet
Q59958430,beatboxer
Q55097243,defunct organization
Q22137024,official website
Q47495113,cultural project
Q2902628,horn section
Q9212979,musical duo
Q66425507,anthropomorphic bear
Q182832,concert
Q24236999,virtual idol
Q3914,school
Q2431196,audiovisual work
Q155076,juridical person
Q10624504,administrative corps
Q1090674,string orchestra
Q120146927,USMC band
Q12360944,singing duo
Q21082253,choir school
Q43304311,piano trio
Q72698226,Damenkapelle
Q270791,state-owned enterprise
Q107694617,cabaret duo
Q14946528,conflation
Q10916116,history book
Q3356161,Public Interest Organizations
Q117881486,Female choir
Q526877,web series
Q6056746,campaign
Q11399,rock music
Q131855188,murga
Q29442136,ennead
Q210272,cultural heritage
Q29785644,jazz quartet
Q125258812,sister duo
Q124293115,operetta company
Q109288756,group of brothers
Q5398426,television series
Q1164847,dansband
Q2453799,trio d’anches
Q120146527,United States navy band unit
Q16147981,royal chapel
Q3418125,fraternal twins
Q105416259,team of content creators
Q15632617,fictional human
Q21076217,art project
Q125258836,brother duo
Q10269077,sertanejo duo
Q7889,video game
Q16607692,family nickname
Q12020884,musical movement
Q61653556,gay men's chorus
Q18325436,501(c)(3) organization
Q1690980,group of authors
Q127334927,band
Q1069564,wind quintet
Q28107590,concept artist
Q115273269,transgender chorus
Q12765911,folkloristic group
Q814344,backing band
Q9660316,Boi (carnival band)
Q87189273,recording alias
Q140010779,sibling musical duo
Q120145795,United States army band unit
Q108714611,twin sister
Q19190659,symphonic choir
Q15116915,show
Q98065868,son jarocho group
Q73493683,Q73493683
Q18444336,unit group
Q112620847,musical group with fictional stage personas
Q14756018,twins
Q109429068,guitar duo
Q11664239,music unit
Q2722764,radio personality
Q166118,archives
Q3085519,pipe band
Q16827465,color guard
Q2616945,Glee club
Q281643,musical trio
Q920737,steel band
Q591250,youth choir
Q1954948,musical theater building
Q2011052,saxophone quartet
Q112258376,music society
Q2491498,pop band
Q58318936,music production company
Q19285645,university choir
Q9390516,chamber ensemble
Q8059337,youth orchestra
Q39604065,monad
Q63090850,Canadian military unit
Q135264011,Five Greats
Q19189865,stage orchestra
Q1534176,Q1534176
Q14073567,sibling duo
Q132241,festival
Q2061186,religious order
Q26763385,Shanty choir
Q1955280,music competition
Q1928277,nonet
Q2366457,department
Q1516258,choral group
Q15267437,cast
Q222749,acting
Q29881373,vocal ensemble
Q140010193,sibling musical trio
Q35127,website
Q149566,middle school
Q16887380,group
Q61747587,spolek
Q16334295,group of humans
Q1684430,jazz band
Q822146,lyricist
Q94670589,Christian organization
