artist,gender,genderLabel
Q23454093,,
Q130265578,,
Q131107274,,
Q130248721,,
Q131759952,,
Q131520801,,
Q130367928,,
Q131759814,,
Q117803515,,
Q136583411,,
Q131107327,,
Q134472816,,
Q7398063,,
Q136207674,,
Q66739931,,
Q130265823,,
Q131312336,,
Q137825849,,
Q21197901,,
Q122832795,,
Q130212445,,
Q3416775,,
Q30922466,,
Q131831828,,
Q131312339,,
Q131831822,,
Q121108217,,
Q129329416,,
Q70215517,,
Q135006329,,
Q130263984,,
Q131759920,,
Q123856281,,
Q130265829,,
Q19668094,,
Q130360532,,
Q131105797,,
Q130265911,,
Q11245522,,
Q131831800,,
Q130248683,,
