artist,recordLabel
Q108475098,Q115781660
Q494596,Q113455672
Q13026009,Q13026701
Q16140577,Q13026701
Q106464771,Q106576703
Q3544622,Q11191260
Q6834284,Q97213161
Q719205,Q9081271
Q9070495,Q11252921
Q3514210,Q11290839
Q5860074,Q6093798
Q85844050,Q107631162
Q35370116,Q12183740
Q2824955,Q128035534
Q121409353,Q121409533
Q7149821,Q28380992
Q51598454,Q109356829
Q4535437,Q24038511
Q2157968,Q1481553
Q11230147,Q11252921
Q719205,Q11199951
Q2086086,Q104192449
Q108312436,Q126940866
Q13019182,Q13026044
Q6531135,Q126685251
Q3849272,Q3700452
Q139985316,Q140011644
Q960811,Q2568089
Q257403,Q6170089
Q21856857,Q97584170
Q121305914,Q121548699
Q21427070,Q25394278
Q7611798,Q28381398
Q1192498,Q11244887
Q18689591,Q19829612
Q19826046,Q20499295
Q11232608,Q11237999
Q514381,Q3648614
Q2084517,Q2568089
Q10855041,Q11374833
Q11561731,Q11189686
Q3104004,Q3317536
Q952139,Q3127349
Q7611798,Q28381404
Q3545819,Q11374833
Q5551605,Q5907147
Q23869060,Q1481553
Q17150231,Q3127349
Q20066240,Q60390150
Q11319302,Q17215759
Q723499,Q55658074
Q12274507,Q20500205
Q714899,Q2290114
Q3096459,Q2568089
Q4993086,Q11228586
Q4360831,Q16702693
Q362254,Q139622654
Q56163087,Q47749869
Q4670901,Q1481553
Q64937409,Q15849920
Q116981531,Q116981542
Q135276271,Q135276364
Q2792143,Q2290114
Q11236829,Q11326533
Q22126438,Q10854454
Q19753036,Q31174447
Q470435,Q120968405
Q11288201,Q10854454
Q3197027,Q3305234
Q98508832,Q12317384
Q11501165,Q11191237
Q16305598,Q13026044
Q19826002,Q20499295
Q467118,Q104192449
Q12273229,Q20500205
Q103980314,Q103980526
Q3063905,Q2818439
Q3011271,Q3502529
Q30731234,Q125487051
Q11565483,Q108550497
Q3011332,Q2935800
Q106097878,Q1657058
Q11195778,Q11250022
Q88806134,Q99398278
Q5361050,Q137477071
Q330240,Q2518116
Q7611798,Q28381386
Q462219,Q1854927
Q106314915,Q106576703
Q11576237,Q135652192
Q122148178,Q1304215
Q7611798,Q28381394
Q6577639,Q97213161
Q11646689,Q11224024
Q330240,Q15849920
Q5669607,Q5808279
Q4958999,Q133854188
Q317224,Q1481553
Q1926296,Q120968405
Q9002234,Q6100371
Q7611798,Q28381400
Q21730641,Q109410301
Q3317368,Q5907147
Q501243,Q1481553
Q317224,Q2709847
Q136659717,Q133445441
Q123144546,Q106673549
Q13023747,Q13026701
Q136559839,Q136648251
Q1196033,Q18612950
Q1362831,Q1481553
Q17521543,Q1481553
Q126066611,Q126066867
Q3011282,Q2381327
Q106036729,Q76833664
Q3308515,Q3537620
Q11473145,Q109602305
Q1311188,Q1481553
Q7611798,Q28381387
Q1085705,Q2568089
Q21569023,Q113628171
Q16140827,Q13026701
Q20038751,Q17216065
Q8055112,Q13440755
Q17485904,Q2568089
Q122929036,Q137388566
Q11266264,Q10854454
Q527932,Q16303734
Q18402396,Q2290114
Q3761073,Q3700452
Q3099857,Q3011483
Q11193554,Q11196487
Q117353279,Q132658824
Q21031849,Q1481553
Q106485509,Q106576703
Q12276381,Q20500205
Q15782308,Q124896888
Q23021179,Q121548845
Q112323640,Q112328483
Q99679933,Q106576703
Q113076511,Q109356829
Q91573,Q1728960
Q16328621,Q133445441
Q120754353,Q120968405
Q330240,Q13427530
Q16564660,Q110388939
Q2851738,Q3347254
Q3524363,Q15849920
Q14077003,Q120968405
Q104829724,Q133445441
Q27138417,Q5381811
Q6041054,Q5714467
Q11231731,Q11199951
Q7611798,Q28381383
Q117438966,Q117749722
Q618196,Q137608938
Q59152236,Q127510418
Q11397658,Q17216065
Q1386182,Q1797712
Q1877839,Q79278246
Q5041038,Q136497687
Q1989101,Q104192449
Q113148208,Q112913889
Q5359149,Q11305022
Q111450200,Q121597441
Q4221960,Q11232855
Q26043049,Q11291426
Q16223600,Q130680097
Q11425048,Q11199951
Q11382205,Q109602305
Q2849893,Q2568089
Q3411012,Q3011483
Q957007,Q14641524
Q18222051,Q3011483
Q508100,Q10518134
Q112183384,Q112184139
Q12270667,Q61140495
Q11237599,Q10854454
Q3960595,Q3700452
Q6425946,Q11228586
Q97578291,Q97584170
Q1720884,Q123028897
Q112183384,Q112184104
Q21512651,Q109040240
Q6437313,Q61677584
Q1243655,Q18333615
Q1931233,Q2396729
Q6531135,Q126684017
Q115484777,Q115484752
Q7555839,Q137944397
Q710937,Q137595719
Q2746371,Q3029359
Q1827225,Q2876594
Q12880672,Q133445441
Q359835,Q2100905
Q11367442,Q9081271
Q97486175,Q1314328
Q7611798,Q28381381
