group,groupLabel
Q12073705,
Q15825100,
Q5846519,Sociedad Coral de Bilbao
Q1593585,Army Band Hannover
Q136565013,Martin-Luther-Kantorei
Q133284509,
Q1378869,
Q1802261,
Q56365391,
Q1802267,Landesjugendorchester Baden-Württemberg
Q110739588,
Q110381807,
Q53844498,Else Ensemble
Q85305719,
Q1427067,Flanders Recorder Quartet
Q125338448,
Q24033718,
Q98969730,
Q11908168,Barcelona 216
Q12407543,
Q105552250,
Q3693814,
Q133289412,Landesjugendchor Mecklenburg-Vorpommern
Q125916727,Bayer Philharmoniker
Q1802258,
Q6157047,Torrevieja Musical Union
Q11963077,
Q1802257,
Q5915676,Infants of Pilar
Q16407771,
Q1802265,Landesjugendchor Thüringen
Q11190057,agehasprings
Q6606608,Meitar Ensemble
Q111509744,
Q1802264,
Q8207104,
Q57312995,
Q6571793,
Q24102017,Münchner Orchesterverein Wilde Gungl
Q1593588,Heeresmusikkorps 12
Q3693856,
Q1506324,
Q12085520,
Q139586671,
Q3693813,
Q13574487,Drumband & Majorettenkorps Maasbree
Q15825121,
Q1802259,
Q110687782,
Q134127562,
Q108802015,Orchesterverein Stuttgart
Q112258309,1. Celler Handharmonika-Klub
Q3693862,
Q105533038,
Q812421,Bayerisches Landesjugendorchester
Q1802260,
Q91020216,
Q3693817,
Q111747319,
Q28135451,Orchesterverein der Gesellschaft der Musikfreunde in Wien
Q12099573,Darnychanka
Q1802266,
Q138659231,
Q1593587,Heeresmusikkorps 10
Q1101093,
