country,coords,countryLabel,isoCode
http://www.wikidata.org/entity/Q229,Point(33.0 35.0),Cyprus,CYP
http://www.wikidata.org/entity/Q414,Point(-64.0 -34.0),Argentina,ARG
http://www.wikidata.org/entity/Q228,Point(1.555277777 42.558333333),Andorra,AND
http://www.wikidata.org/entity/Q686,Point(168.016669444 -16.633330555),Vanuatu,VUT
http://www.wikidata.org/entity/Q664,Point(174.0 -41.2),New Zealand,NZL
http://www.wikidata.org/entity/Q29,Point(-3.5 40.2),Spain,ESP
http://www.wikidata.org/entity/Q33,Point(27.0 65.0),Finland,FIN
http://www.wikidata.org/entity/Q43,Point(36.0 39.0),Turkey,TUR
http://www.wikidata.org/entity/Q217,Point(28.516667 47.25),Moldova,MDA
http://www.wikidata.org/entity/Q710,Point(173.033333333 1.466666666),Kiribati,KIR
http://www.wikidata.org/entity/Q709,Point(169.29 9.82),Marshall Islands,MHL
http://www.wikidata.org/entity/Q702,Point(158.183333333 6.916666666),Federated States of Micronesia,FSM
http://www.wikidata.org/entity/Q398,Point(50.551111 26.0675),Bahrain,BHR
http://www.wikidata.org/entity/Q252,Point(118.0 -2.0),Indonesia,IDN
http://www.wikidata.org/entity/Q230,Point(44.0 42.0),Georgia,GEO
http://www.wikidata.org/entity/Q20,Point(10.683333333 59.933333333),Norway,NOR
http://www.wikidata.org/entity/Q41,Point(23.0 38.5),Greece,GRC
http://www.wikidata.org/entity/Q242,Point(-88.7 17.066666666),Belize,BLZ
http://www.wikidata.org/entity/Q221,Point(21.716667 41.65),North Macedonia,MKD
http://www.wikidata.org/entity/Q241,Point(-79.5 22.0),Cuba,CUB
http://www.wikidata.org/entity/Q148,Point(103.451944444 35.844722222),People's Republic of China,CHN
http://www.wikidata.org/entity/Q191,Point(26.0 59.0),Estonia,EST
http://www.wikidata.org/entity/Q213,Point(15.0 50.0),Czech Republic,CZE
http://www.wikidata.org/entity/Q236,Point(19.216667 42.766667),Montenegro,MNE
http://www.wikidata.org/entity/Q218,Point(25.0 46.0),Romania,ROU
http://www.wikidata.org/entity/Q35,Point(10.0 56.0),Denmark,DNK
http://www.wikidata.org/entity/Q403,Point(20.933333333 43.95),Serbia,SRB
http://www.wikidata.org/entity/Q227,Point(47.7 40.3),Azerbaijan,AZE
http://www.wikidata.org/entity/Q244,Point(-59.5525 13.17),Barbados,BRB
http://www.wikidata.org/entity/Q399,Point(44.95 40.383333),Armenia,ARM
http://www.wikidata.org/entity/Q115,Point(40.0 9.0),Ethiopia,ETH
http://www.wikidata.org/entity/Q265,Point(66.0 41.0),Uzbekistan,UZB
http://www.wikidata.org/entity/Q117,Point(-1.0232 7.9465),Ghana,GHA
http://www.wikidata.org/entity/Q730,Point(-56.0 4.0),Suriname,SUR
http://www.wikidata.org/entity/Q419,Point(-76.0 -9.4),Peru,PER
http://www.wikidata.org/entity/Q224,Point(15.466667 45.25),Croatia,HRV
http://www.wikidata.org/entity/Q237,Point(12.453 41.904),Vatican City,VAT
http://www.wikidata.org/entity/Q39,Point(8.231973 46.798562),Switzerland,CHE
http://www.wikidata.org/entity/Q211,Point(25.0 57.0),Latvia,LVA
http://www.wikidata.org/entity/Q184,Point(28.046666666 53.528333333),Belarus,BLR
http://www.wikidata.org/entity/Q657,Point(19.4 15.466667),Chad,TCD
http://www.wikidata.org/entity/Q45,Point(-9.183333333 38.7),Portugal,PRT
http://www.wikidata.org/entity/Q159,Point(94.25 66.416666666),Russia,RUS
http://www.wikidata.org/entity/Q739,Point(-73.25 4.0),Colombia,COL
http://www.wikidata.org/entity/Q678,Point(-174.810278 -20.587778),Tonga,TON
http://www.wikidata.org/entity/Q733,Point(-58.0 -23.5),Paraguay,PRY
http://www.wikidata.org/entity/Q222,Point(20.0 41.0),Albania,ALB
http://www.wikidata.org/entity/Q223,Point(-40.0 72.0),Greenland,GRL
http://www.wikidata.org/entity/Q695,Point(134.55 7.466667),Palau,PLW
http://www.wikidata.org/entity/Q16,Point(-109.0 56.0),Canada,CAN
http://www.wikidata.org/entity/Q683,Point(-172.2175 -13.745),Samoa,WSM
http://www.wikidata.org/entity/Q423,Point(127.0 40.0),North Korea,PRK
http://www.wikidata.org/entity/Q219,Point(25.5 42.75),Bulgaria,BGR
http://www.wikidata.org/entity/Q38,Point(12.5 42.5),Italy,ITA
http://www.wikidata.org/entity/Q215,Point(15.0 46.0),Slovenia,SVN
http://www.wikidata.org/entity/Q212,Point(32.0 49.0),Ukraine,UKR
http://www.wikidata.org/entity/Q734,Point(-59.316667 5.733333),Guyana,GUY
http://www.wikidata.org/entity/Q17,Point(136.0 35.0),Japan,JPN
http://www.wikidata.org/entity/Q36,Point(19.0 52.0),Poland,POL
http://www.wikidata.org/entity/Q114,Point(38.0 0.1),Kenya,KEN
http://www.wikidata.org/entity/Q668,Point(83.0 22.8),India,IND
http://www.wikidata.org/entity/Q37,Point(24.0 55.2),Lithuania,LTU
http://www.wikidata.org/entity/Q712,Point(178.0 -18.0),Fiji,FJI
http://www.wikidata.org/entity/Q77,Point(-56.0 -33.0),Uruguay,URY
http://www.wikidata.org/entity/Q334,Point(103.8 1.3),Singapore,SGP
http://www.wikidata.org/entity/Q233,Point(14.4 35.9),Malta,MLT
http://www.wikidata.org/entity/Q28,Point(19.0 47.0),Hungary,HUN
http://www.wikidata.org/entity/Q32,Point(6.13 49.77),Luxembourg,LUX
http://www.wikidata.org/entity/Q685,Point(159.816666666 -9.466666666),Solomon Islands,SLB
http://www.wikidata.org/entity/Q424,Point(105.0 12.5),Cambodia,KHM
http://www.wikidata.org/entity/Q238,Point(12.466666666 43.933333333),San Marino,SMR
http://www.wikidata.org/entity/Q697,Point(166.935 -0.5275),Nauru,NRU
http://www.wikidata.org/entity/Q30,Point(-98.5795 39.828175),United States,USA
http://www.wikidata.org/entity/Q155,Point(-53.0 -14.0),Brazil,BRA
http://www.wikidata.org/entity/Q691,Point(147.0 -6.3),Papua New Guinea,PNG
http://www.wikidata.org/entity/Q736,Point(-78.0 -1.0),Ecuador,ECU
http://www.wikidata.org/entity/Q298,Point(-71.0 -33.0),Chile,CHL
http://www.wikidata.org/entity/Q27,Point(-8.0 53.0),Ireland,IRL
http://www.wikidata.org/entity/Q31,Point(4.668055555 50.641111111),Belgium,BEL
http://www.wikidata.org/entity/Q189,Point(-19.0 65.0),Iceland,ISL
http://www.wikidata.org/entity/Q142,Point(2.0 47.0),France,FRA
http://www.wikidata.org/entity/Q347,Point(9.553889 47.145),Liechtenstein,LIE
http://www.wikidata.org/entity/Q258,Point(24.0 -29.0),South Africa,ZAF
http://www.wikidata.org/entity/Q79,Point(29.0 27.0),Egypt,EGY
http://www.wikidata.org/entity/Q574,Point(125.75 -8.966667),Timor-Leste,TLS
http://www.wikidata.org/entity/Q232,Point(68.0 48.0),Kazakhstan,KAZ
http://www.wikidata.org/entity/Q717,Point(-67.0 8.0),Venezuela,VEN
http://www.wikidata.org/entity/Q225,Point(18.0 44.0),Bosnia and Herzegovina,BIH
http://www.wikidata.org/entity/Q672,Point(178.005556 -7.475),Tuvalu,TUV
http://www.wikidata.org/entity/Q408,Point(133.0 -25.0),Australia,AUS
http://www.wikidata.org/entity/Q40,Point(14.0 48.0),Austria,AUT
http://www.wikidata.org/entity/Q711,Point(105.0 46.0),Mongolia,MNG
http://www.wikidata.org/entity/Q34,Point(15.0 61.0),Sweden,SWE
http://www.wikidata.org/entity/Q262,Point(1.0 28.0),Algeria,DZA
http://www.wikidata.org/entity/Q96,Point(-102.0 23.0),Mexico,MEX
http://www.wikidata.org/entity/Q214,Point(19.7 48.7),Slovakia,SVK
http://www.wikidata.org/entity/Q183,Point(10.0 51.0),Germany,DEU
http://www.wikidata.org/entity/Q145,Point(-2.0 54.6),United Kingdom,GBR
http://www.wikidata.org/entity/Q235,Point(7.42 43.731111111),Monaco,MCO
http://www.wikidata.org/entity/Q757,Point(-61.2296 13.0139),Saint Vincent and the Grenadines,VCT
http://www.wikidata.org/entity/Q1011,Point(-23.7 15.3),Cape Verde,CPV
http://www.wikidata.org/entity/Q842,Point(57.0 21.0),Oman,OMN
http://www.wikidata.org/entity/Q819,Point(104.1 18.2),Laos,LAO
http://www.wikidata.org/entity/Q766,Point(-77.4 18.18),Jamaica,JAM
http://www.wikidata.org/entity/Q1032,Point(10.0 17.0),Niger,NER
http://www.wikidata.org/entity/Q1037,Point(30.0 -2.0),Rwanda,RWA
http://www.wikidata.org/entity/Q1028,Point(-6.0 32.0),Morocco,MAR
http://www.wikidata.org/entity/Q912,Point(-4.0 17.0),Mali,MLI
http://www.wikidata.org/entity/Q801,Point(35.0 31.0),Israel,ISR
http://www.wikidata.org/entity/Q826,Point(73.51 4.18),Maldives,MDV
http://www.wikidata.org/entity/Q1050,Point(31.433333 -26.483333),Eswatini,SWZ
http://www.wikidata.org/entity/Q1049,Point(32.0 15.0),Sudan,SDN
http://www.wikidata.org/entity/Q945,Point(1.183333 8.25),Togo,TGO
http://www.wikidata.org/entity/Q1029,Point(35.0 -19.0),Mozambique,MOZ
http://www.wikidata.org/entity/Q796,Point(43.0 33.0),Iraq,IRQ
http://www.wikidata.org/entity/Q784,Point(-61.333333 15.416667),Dominica,DMA
http://www.wikidata.org/entity/Q778,Point(-77.4 25.0),The Bahamas,BHS
http://www.wikidata.org/entity/Q948,Point(10.0 34.0),Tunisia,TUN
http://www.wikidata.org/entity/Q1006,Point(-11.0 10.0),Guinea,GIN
http://www.wikidata.org/entity/Q786,Point(-70.2 18.8),Dominican Republic,DOM
http://www.wikidata.org/entity/Q953,Point(28.0 -14.0),Zambia,ZMB
http://www.wikidata.org/entity/Q1007,Point(-15.0 12.0),Guinea-Bissau,GNB
http://www.wikidata.org/entity/Q889,Point(66.0 33.0),Afghanistan,AFG
http://www.wikidata.org/entity/Q1045,Point(47.0 6.0),Somalia,SOM
http://www.wikidata.org/entity/Q884,Point(128.0 36.0),South Korea,KOR
http://www.wikidata.org/entity/Q794,Point(53.0 32.0),Iran,IRN
http://www.wikidata.org/entity/Q783,Point(-86.816667 14.633333),Honduras,HND
http://www.wikidata.org/entity/Q811,Point(-85.0 13.0),Nicaragua,NIC
http://www.wikidata.org/entity/Q750,Point(-64.991228611 -17.056869611),Bolivia,BOL
http://www.wikidata.org/entity/Q986,Point(38.25 15.483333),Eritrea,ERI
http://www.wikidata.org/entity/Q833,Point(102.314361666 3.7805111),Malaysia,MYS
http://www.wikidata.org/entity/Q874,Point(60.0 39.0),Turkmenistan,TKM
http://www.wikidata.org/entity/Q965,Point(-2.066667 12.266667),Burkina Faso,BFA
http://www.wikidata.org/entity/Q974,Point(23.656111111 -2.88),Democratic Republic of the Congo,COD
http://www.wikidata.org/entity/Q863,Point(71.366667 38.583333),Tajikistan,TJK
http://www.wikidata.org/entity/Q792,Point(-88.866111 13.668889),El Salvador,SLV
http://www.wikidata.org/entity/Q970,Point(43.7 -12.3),Comoros,COM
http://www.wikidata.org/entity/Q1014,Point(-9.75 6.533333),Liberia,LBR
http://www.wikidata.org/entity/Q813,Point(75.0 41.0),Kyrgyzstan,KGZ
http://www.wikidata.org/entity/Q858,Point(38.583333 35.216667),Syria,SYR
http://www.wikidata.org/entity/Q977,Point(42.433333 11.8),Djibouti,DJI
http://www.wikidata.org/entity/Q822,Point(35.766667 33.833333),Lebanon,LBN
http://www.wikidata.org/entity/Q1044,Point(-12.1 8.5),Sierra Leone,SLE
http://www.wikidata.org/entity/Q983,Point(10.0 1.5),Equatorial Guinea,GNQ
http://www.wikidata.org/entity/Q1019,Point(47.0 -20.0),Madagascar,MDG
http://www.wikidata.org/entity/Q817,Point(47.6 29.166667),Kuwait,KWT
http://www.wikidata.org/entity/Q26273,Point(-63.067777777 18.031944444),Sint Maarten,SXM
http://www.wikidata.org/entity/Q1030,Point(17.0 -23.0),Namibia,NAM
http://www.wikidata.org/entity/Q1041,Point(-14.283333 14.366667),Senegal,SEN
http://www.wikidata.org/entity/Q1033,Point(8.0 9.0),Nigeria,NGA
http://www.wikidata.org/entity/Q967,Point(29.816667 -3.666667),Burundi,BDI
http://www.wikidata.org/entity/Q916,Point(17.35 -12.35),Angola,AGO
http://www.wikidata.org/entity/Q928,Point(123.0 12.0),Philippines,PHL
http://www.wikidata.org/entity/Q804,Point(-80.366667 8.616667),Panama,PAN
http://www.wikidata.org/entity/Q1020,Point(34.0 -13.0),Malawi,MWI
http://www.wikidata.org/entity/Q21203,Point(-69.975 12.515),Aruba,ABW
http://www.wikidata.org/entity/Q878,Point(54.3 24.4),United Arab Emirates,ARE
http://www.wikidata.org/entity/Q810,Point(36.5 31.2),Jordan,JOR
http://www.wikidata.org/entity/Q963,Point(23.7 -22.2),Botswana,BWA
http://www.wikidata.org/entity/Q1000,Point(11.5 -0.683330555),Gabon,GAB
http://www.wikidata.org/entity/Q962,Point(2.183333333 8.833333333),Benin,BEN
http://www.wikidata.org/entity/Q902,Point(89.866666666 24.016666666),Bangladesh,BGD
http://www.wikidata.org/entity/Q836,Point(96.0 22.0),Myanmar,MMR
http://www.wikidata.org/entity/Q790,Point(-72.8 19.0),Haiti,HTI
http://www.wikidata.org/entity/Q1009,Point(12.65 5.133333333),Cameroon,CMR
http://www.wikidata.org/entity/Q1005,Point(-15.5 13.5),The Gambia,GMB
http://www.wikidata.org/entity/Q1027,Point(57.5 -20.2),Mauritius,MUS
http://www.wikidata.org/entity/Q769,Point(-61.7 12.1),Grenada,GRD
http://www.wikidata.org/entity/Q971,Point(15.383330555 -0.75),Republic of the Congo,COG
http://www.wikidata.org/entity/Q843,Point(71.0 30.0),Pakistan,PAK
http://www.wikidata.org/entity/Q958,Point(30.0 7.0),South Sudan,SSD
http://www.wikidata.org/entity/Q1025,Point(-11.0 21.0),Mauritania,MRT
http://www.wikidata.org/entity/Q1016,Point(17.0 27.0),Libya,LBY
http://www.wikidata.org/entity/Q754,Point(-61.516666666 10.666666666),Trinidad and Tobago,TTO
http://www.wikidata.org/entity/Q924,Point(34.853888888 -6.306944444),Tanzania,TZA
http://www.wikidata.org/entity/Q1008,Point(-6.0 8.0),Ivory Coast,CIV
http://www.wikidata.org/entity/Q837,Point(84.0 28.0),Nepal,NPL
http://www.wikidata.org/entity/Q917,Point(90.5 27.45),Bhutan,BTN
http://www.wikidata.org/entity/Q1039,Point(6.6 0.316667),São Tomé and Príncipe,STP
http://www.wikidata.org/entity/Q1013,Point(28.25 -29.55),Lesotho,LSO
http://www.wikidata.org/entity/Q854,Point(81.0 7.0),Sri Lanka,LKA
http://www.wikidata.org/entity/Q846,Point(51.212767 25.269535),Qatar,QAT
http://www.wikidata.org/entity/Q881,Point(108.0 16.0),Vietnam,VNM
http://www.wikidata.org/entity/Q921,Point(114.566667 4.4),Brunei,BRN
http://www.wikidata.org/entity/Q800,Point(-84.0 10.0),Costa Rica,CRI
http://www.wikidata.org/entity/Q869,Point(101.0 14.0),Thailand,THA
http://www.wikidata.org/entity/Q954,Point(30.0 -19.0),Zimbabwe,ZWE
http://www.wikidata.org/entity/Q25279,Point(-69.0 12.2),Curaçao,CUW
http://www.wikidata.org/entity/Q1042,Point(52.766667 -7.1),Seychelles,SYC
http://www.wikidata.org/entity/Q851,Point(44.116667 23.716667),Saudi Arabia,SAU
http://www.wikidata.org/entity/Q781,Point(-61.85 17.116666666),Antigua and Barbuda,ATG
http://www.wikidata.org/entity/Q929,Point(20.9 6.7),Central African Republic,CAF
http://www.wikidata.org/entity/Q760,Point(-60.966666666 13.883333333),Saint Lucia,LCA
http://www.wikidata.org/entity/Q774,Point(-90.25 15.5),Guatemala,GTM
http://www.wikidata.org/entity/Q763,Point(-62.666669444 17.271666666),Saint Kitts and Nevis,KNA
http://www.wikidata.org/entity/Q1036,Point(32.39 1.28),Uganda,UGA
http://www.wikidata.org/entity/Q805,Point(48.0 15.5),Yemen,YEM
http://www.wikidata.org/entity/Q1246,Point(20.833333333 42.55),Kosovo,XKS
http://www.wikidata.org/entity/Q865,Point(121.0 24.0),Taiwan,TWN
http://www.wikidata.org/entity/Q1410,Point(-5.35 36.14),Gibraltar,GIB
http://www.wikidata.org/entity/Q4628,Point(-6.844480555 61.969944444),Faroe Islands,FRO
http://www.wikidata.org/entity/Q29999,Point(4.883333333 52.366666666),Kingdom of the Netherlands,NLD
http://www.wikidata.org/entity/Q25227,Point(-66.0 15.0),Netherlands Antilles,ANT
http://www.wikidata.org/entity/Q219060,Point(35.25 32.0),Palestine,PSE
http://www.wikidata.org/entity/Q34020,Point(-169.916666666 -19.05),Niue,NIU
http://www.wikidata.org/entity/Q26988,Point(-159.783333333 -21.233333333),Cook Islands,COK
