genre,genreLabel,artist
Q110312968,Afro-Colombian music,1
Q55104351,Indian hip hop,1
Q1619932,hiplife,23
Q1133657,traditional heavy metal,158
Q217597,electro,175
Q104842028,satirical music,2
Q6431989,Korean hip-hop,25
Q11660484,denpa song,13
Q110126996,rave funk,1
Q1980100,8-bit music,1
Q542703,melodic hardcore,36
Q21006606,bass,1
Q5654316,harawi,1
Q96647680,bardcore,2
Q1092553,Celtic fusion,6
Q1143752,cumbia villera,1
Q825769,crust punk,4
Q3509353,fuji music,10
Q6942022,Bollywood film music,3
Q16096634,kawaii metal,3
Q61065236,koche bazari,1
Q935586,liturgical music,395
Q131578,J-pop,3217
Q7496127,shidaiqu,3
Q383615,street punk,1
Q47074428,SoundCloud rap,26
Q97265899,lofi hip-hop,5
Q1546028,Philadelphia soul,1
Q107364106,quadrille,4
Q2407862,Americana,178
Q88340836,Russian music,3
Q1242484,doomcore,2
Q2385862,progressive psytrance,1
Q3135790,Algerian hip hop,3
Q5834708,epic doom metal,3
Q2746831,quiet storm,3
Q624044,Arabic music,174
Q1955040,music of the Democratic Republic of the Congo,1
Q19820570,ma'luf,4
Q2738469,tumba,1
Q186472,folk rock,679
Q215911,serenade,1
Q2936886,cantèra,2
Q105697907,swingbeat,3
Q10286515,funk melody,6
Q54329757,Latin trap,148
Q370778,twee pop,1
Q4381192,music of Paraguay,1
Q170611,techno,373
Q16295131,urban cowboy,1
Q2521569,soul blues,7
Q2662072,indigenous music of North America,1
Q135239105,jerk rap,2
Q132531661,leftist music,1
Q7124405,pagode de viola,1
Q6942216,music of New Zealand,1
Q4490991,progressive country,2
Q107123896,griot music,1
Q2956176,chanson à texte,3
Q56351526,forró,1
Q80724932,vaportrap,1
Q11332204,funkot,1
Q667659,funk metal,9
Q2260696,progressive trance,24
Q7122786,Pacific reggae,1
Q130392790,Gothic pop,2
Q1136331,nu jazz,298
Q1262697,mento,4
Q22908553,future bass,23
Q10730335,A-pop,1
Q2549052,ethnic electronica,3
Q599510,romance,128
Q2082572,liquid drum and bass,7
Q48941193,Tatar pop,9
Q11487510,string quartet,1
Q2406633,broken beat,2
Q3930216,rapcore,12
Q202925,tribal house,3
Q9300624,patriotic music,5
Q106085531,black gospel music,5
Q105334717,progressive soul,5
Q264289,sophisti-pop,3
Q220535,verbunkos,1
Q268253,neo soul,140
Q11399,rock music,6492
Q5398894,V-pop,61
Q2464833,Turkish hip-hop,3
Q455686,samba reggae,2
Q1162954,French pop,35
Q2917508,music of Ethiopia,1
Q106583068,dreampunk,1
Q211025,march,23
Q16002495,algorave,2
Q85867089,cumbia rebajada,1
Q3709211,dirty rap,29
Q16821210,Japanese jazz,1
Q723418,cumbia,61
Q1417272,rondeau,1
Q1425661,folk punk,25
Q107697041,g-house,1
Q1771297,English folk music,1
Q590662,bend-skin,3
Q6942217,music of Nicaragua,1
Q7777494,theatre music,20
Q2346991,UK bass,5
Q15957030,electro,1
Q28458027,hardbass,1
Q97216998,Java-pop,6
Q107565104,original Pilipino music,18
Q2498201,music of Russia,3
Q2956171,chanson réaliste,4
Q617240,stoner rock,21
Q6826151,Qudud Halabiya,1
Q31174954,koplo,5
Q5192064,Cuban folk music,1
Q107033667,Halloween music,1
Q108951349,music of the Llanos,6
Q623715,aleatoric music,7
Q2879857,bailecito,1
Q429264,West Coast hip-hop,121
Q106877744,Philippine classical music,4
Q1519864,sung poetry,37
Q1995569,thrashcore,1
Q25230739,mahraganat,1
Q5928480,contemporary jazz,16
Q115063474,digital fusion,1
Q725011,neo-classical metal,30
Q3702442,Occitan folk music,39
Q255406,jazz rap,32
Q113493820,French electro,1
Q11330425,therapy music,2
Q96395212,neoperreo,14
Q25091767,mutuashi,1
Q9364028,UK funky,11
Q1455932,frevo,9
Q3328778,tropical music,30
Q60743281,Korean indie,1
Q48834745,orchestral pop,10
Q1165358,danzón,1
Q4965901,Jersey club,5
Q8011523,contemporary music,35
Q500879,reggae en Español,7
Q3807537,orchestral jazz,2
Q272167,shoegaze,44
Q814402,biguine,34
Q115691081,Chicago drill,11
Q601235,hip house,15
Q2022163,Southern gospel,8
Q2568406,postmodern music,1
Q106839650,Detroit sound,3
Q535328,gaita zuliana,6
Q8031215,women's music,1
Q677542,riot grrrl,11
Q98528204,spiritual jazz,1
Q1037693,modern rock,6
Q130391349,funk automotivo,1
Q6942329,music of West Africa,1
Q20378,alternative metal,215
Q105637114,deep funk revival,1
Q533946,lambada,6
Q1228230,Dutch house,15
Q253918,melodic death metal,76
Q1942905,Geuzen song,1
Q65937817,crossover prog,7
Q208341,pasodoble,9
Q752785,calypso,26
Q65936391,acoustic rock,6
Q2525544,Celtic metal,4
Q3085344,music of Peru,6
Q65065491,riddim,4
Q3486097,ska rock,1
Q3437842,Greek rock,7
Q1755959,Sufi music,12
Q14493900,Texas country music,5
Q2426218,modernism,10
Q64441232,ethnic rock,1
Q4179738,Cruel romance,1
Q2913982,trap music,689
Q5341293,educational music,8
Q30917612,Eurohouse,1
Q28219760,descarga,2
Q584752,pornogrind,3
Q12408915,Israeli classical music,1
Q2353203,Straight-ahead jazz,1
Q2719078,Western music,4
Q949369,funky house,3
Q185652,ragtime,90
Q899116,neoclassical dark wave,4
Q2687544,power electronics,2
Q649634,progressive folk,3
Q107033384,holiday music,1
Q114238485,meme techno,3
Q87270951,stara gradska song,1
Q7915876,variety,42
Q5160756,congregational singing,2
Q56315833,Viennese music,1
Q3879179,nu gaze,2
Q216926,raga,1
Q844245,Gypsy jazz,64
Q116690343,ballad,2
Q106917640,kleinkunst,10
Q127606451,street pop,5
Q4145692,Russian urban romance,12
Q903735,breakcore,14
Q1091450,aggrotech,1
Q1636684,yé-yé,10
Q749475,psybient,1
Q59387411,archontorebetiko,1
Q458480,neotraditional country,7
Q188539,glam metal,107
Q178145,gothic metal,70
Q828305,skate punk,17
Q9730,classical music,7284
Q107022182,television score,9
Q1474372,mugham,94
Q1191299,industrial hardcore,4
Q105672644,electro-jazz,3
Q2614533,British folk rock,3
Q1127530,modal jazz,11
Q5794682,cumbia norteña mexicana,1
Q65937954,contemporary country,2
Q61693382,pilantragem,1
Q106506985,music of the Caucasus,1
Q1750049,modern jazz,15
Q38848,heavy metal music,1136
Q130572,music of the Soviet Union,4
Q29480448,industrial techno,8
Q1361891,jōruri,1
Q2743758,music of Germany,1
Q108297250,gorenoise,1
Q139801507,Afrosounds,1
Q92869446,classical worship music,1
Q16241990,Chicano rock,2
Q5413514,European free jazz,1
Q12499697,Minangkabau music,4
Q1134562,coronation anthem,1
Q876171,East Coast hip-hop,172
Q7023411,nhạc đỏ,25
Q3291151,music of Angola,1
Q30934395,pessoal do Ceará,1
Q16829781,cloud rap,69
Q627906,electro house,187
Q2744144,Gharnati music,3
Q369820,music of Africa,164
Q106440193,emo trap,3
Q105224848,chanson swing,1
Q64137792,religious vocal music,3
Q2104067,jazz pop,10
Q7482056,Irish folk music,31
Q3889661,marchinha,9
Q3931695,gospel reggae,1
Q2545135,noise pop,14
Q16011695,vocal surf,1
Q489913,bolero,17
Q108297215,chazzanut,10
Q1326777,electroacoustic music,93
Q107697260,broken transmission,1
Q110593056,Levant music,1
Q2404568,freak folk,4
Q203720,rockabilly,126
Q1716019,Jewish music,14
Q2891921,batuque,4
Q2101613,Politrock,1
Q110231205,romanţe,1
Q1995980,new rave,2
Q325397,indietronica,14
Q54365,ska,208
Q2798694,marabi,1
Q98528299,Liedermacher,1
Q861823,electroclash,26
Q2746731,parody music,6
Q4400803,Russian post-chanson,10
Q4155078,dark electro,1
Q1020611,bühnenmusik,2
Q2603965,piano blues,1
Q1339027,dream trance,1
Q848399,Easy Listening,156
Q597240,New Romantic,1
Q6665245,phleng Thai sakon,1
Q6365528,kanto,1
Q6036517,Chilean folk music,1
Q669738,yass,1
Q180268,gospel music,701
Q5762403,hill country blues,1
Q12736123,Romanian folk music,36
Q111678759,guaracha,1
Q2956156,Occitan chanson,4
Q2579987,music of Portugal,11
Q108297181,Asturian folk music,3
Q123907465,Michigan rap,4
Q6132088,son nica,1
Q108297189,Balochi folk music,1
Q12702016,rock kapak,1
Q757143,chill-out music,12
Q989478,empfindsamkeit,1
Q1027999,vocal trance,20
Q4848738,baithak gana,7
Q6942037,music of Canada,1
Q14942341,R'n'Besk,1
Q1606591,reggae fusion,25
Q1797650,son jarocho,18
Q3135793,Middle Eastern hip hop,1
Q2707688,plainsong,1
Q3813661,Catalan rock,2
Q211756,dance-pop,413
Q2583965,duma,1
Q3538739,tribe,1
Q2784269,oriental music,4
Q163775,medieval music,14
Q11875657,leudd,1
Q188450,electropop,289
Q1574985,Vallenato,33
Q25339858,Afro,6
Q1552806,guaracha,5
Q221772,acid jazz,65
Q110207937,rockdut,1
Q110241458,Tigrinya music,1
Q11162353,jiuta,1
Q1062702,video game music,164
Q20021059,future house,26
Q106621114,dark folk,3
Q3437817,Australian rock,1
Q1399695,Chicano rap,5
Q18170752,canto nuevo,2
Q28055053,Q-pop,2
Q139551738,merengue urbano,1
Q661651,show tune,2
Q4138449,Catholic hymn,1
Q181861,noise rock,58
Q7409412,Sami music,1
Q109555263,Broadway music,3
Q727781,music of Latin America,154
Q1143744,digital cumbia,1
Q220528,Rebetiko,76
Q1534821,golden age hip-hop,10
Q21092,moombahton,12
Q108616106,Appalachian folk music,1
Q16855754,blackgaze,1
Q2389651,children's music,102
Q98528251,nyahbinghi,1
Q205560,trip hop,186
Q18342587,tropical house,15
Q2624785,Russian rock,46
Q208494,industrial metal,62
Q5978495,lolicore,4
Q616679,mathcore,9
Q111440420,Moldovan folk music,1
Q526463,Detroit techno,10
Q2867170,assiko,1
Q527675,bambuco,3
Q107740285,cumbia,1
Q492096,Andean music,24
Q221686,twelve-tone technique,28
Q227045,zouk,111
Q24189851,epic music,5
Q110391587,Vocaloid music,9
Q2715283,Gypsy punk,2
Q110593065,Egyptian pop,5
Q2378916,music of Corsica,1
Q199415,ziglibithy,1
Q2842043,atmospheric drum and bass,1
Q106477753,midtempo bass,1
Q1190485,post-disco,8
Q1540495,puirt à beul,1
Q16610474,Contemporary Catholic liturgical music,6
Q115200681,electro-R&B,1
Q1268283,Romani music,32
Q110592389,contemporary singer-songwriter music,1
Q608862,anime song,140
Q188534,grindcore,26
Q89363113,singer-songwriter music,57
Q11992449,Norwegian folk music,1
Q108297178,Armenian church music,1
Q3564665,music of Crete,5
Q101109587,future rave,5
Q438476,alternative country,138
Q4400497,Russian folk song,11
Q9048265,Yoruba music,2
Q281111,ġazal,40
Q1090048,chutney music,4
Q2738178,zamacueca,1
Q207591,Romantic music,60
Q1003981,music of Bulgaria,1
Q105513,bebop,117
Q2426383,crunkcore,3
Q16491869,Dominican dembow,24
Q2109360,Danza,10
Q1537056,light music,40
Q3415943,rabiz,6
Q30593639,avant-funk,2
Q63203971,religious hymn,1
Q70076,tappa,1
Q1437709,canción,8
Q940462,music hall,16
Q98528189,Arabic folk music,1
Q556959,mbalax,13
Q15356546,Hakkapop,3
Q5794674,cumbia boliviana,1
Q17119147,indie hip-hop,2
Q2509521,Peruvian waltz,8
Q1071834,music of Hawaii,16
Q840748,Iranian hip hop,7
Q3605852,adult album alternative,1
Q17018487,Scottish folk music,6
Q170435,trance,212
Q1049625,musical improvisation,15
Q108123046,slacker rock,4
Q6510987,Lebanese hip hop,1
Q10926,emo,49
Q15974722,Breton song,29
Q4950496,bouyon,1
Q25094591,experimental pop,13
Q120715924,asian rock,1
Q6010,rapping,975
Q98909757,norteño-banda,5
Q3855113,merenhouse,2
Q1702909,raga rock,3
Q867306,music of Thailand,2
Q289505,music of Rajasthan,1
Q388207,African-American music,5
Q1196752,traditional pop,183
Q5201841,Czech tramping music,5
Q2963337,Chicago hip-hop,12
Q131425,visual kei,14
Q7248857,progressive music,4
Q11500122,shōka,1
Q517415,Europop,38
Q25116,Argentine tango,27
Q6457912,LGBT music,1
Q48855636,gaucha music,1
Q2249365,kawina,3
Q18466722,cacuriá,1
Q3098078,J-core,6
Q2915789,gwo ka,51
Q2572585,pop rap,290
Q3679098,music of Italy,1
Q3347279,nòva cançon,5
Q6452410,Christian music,93
Q336567,cosmic disco,1
Q1435485,axé,18
Q5955539,payada,2
Q212148,prelude,1
Q1143741,chicha,15
Q125854050,tradi-moderne ivoirien,3
Q1139787,music of ancient Greece,2
Q6036568,Argentinian popular music,1
Q1744659,Cuban salsa,1
Q9031739,merecumbé,1
Q512410,qawwali,28
Q126728409,doomshop phonk,1
Q117187744,Jewish liturgical music,1
Q502808,xote,1
Q30632022,synth funk,3
Q2607836,freakbeat,1
Q12499696,Malay music,17
Q8812109,church music,69
Q454071,German hip-hop,45
Q6584641,munajat,1
Q122730605,Cosmic American,1
Q48971892,dungeon synth,3
Q16572889,liscio,1
Q1548170,musical comedy,10
Q18370965,Pinoy pop,21
Q20022908,party music,3
Q251192,downtempo,99
Q11573651,Ryukyu classical music,1
Q710425,nakasi,1
Q9089200,totalism,1
Q507246,serialism,7
Q1253172,Southern hip-hop,206
Q3656510,canzone genovese,1
Q901610,min'yō,21
Q487914,pop-punk,181
Q2142754,choral symphony,1
Q1890098,new beat,5
Q116985035,electronic pop,5
Q1370345,musical theater,13
Q1780056,norteño,23
Q124713283,reparto,2
Q1109497,Piedmont blues,3
Q11821889,polka,1
Q4690168,Afro-Caribbean music,4
Q1249907,Roma jazz,1
Q131440882,electro hip-hop,1
Q642983,manele,17
Q2002705,nouvelle chanson,7
Q1075338,jug band,1
Q7171184,Peruvian cumbia,61
Q388296,Afrobeat,196
Q1166218,dark rock,2
Q28401204,alternative folk,6
Q4901016,bhangragga,1
Q117193815,slushwave,1
Q5583956,goombay,1
Q2562237,music of Syria,1
Q3328599,Basque music,1
Q1033810,cantiga de amigo,1
Q2043175,hyphy,15
Q877693,rap rock,104
Q107697441,surf punk,1
Q18129813,music of Egypt,33
Q597493,chacarera,4
Q106586236,Japanese classical music,1
Q2963621,chillstep,1
Q869210,corrido,16
Q2420447,trova,25
Q645992,music of Argentina,1
Q23687321,choir work,1
Q4020968,world fusion,3
Q2302695,tech trance,15
Q6067375,Iranian folk music,4
Q115485183,sigilkore,1
Q482981,pansori,8
Q107970042,mulatós,1
Q9048261,urbano music,27
Q2961763,chaabi,2
Q17723,Classical period,12
Q290869,son montuno,5
Q2407589,Australian country music,3
Q860196,bikutsi,12
Q7450478,Senegalese hip hop,1
Q64152500,sacred folk song,1
Q11691380,complextro,2
Q1672398,music of Iran,12
Q3114644,music of Australia,1
Q10466674,dansbandspop,6
Q10801097,nhạc trẻ,51
Q1499839,lundu,1
Q1033912,hard dance,6
Q7293809,DMV hip-hop,3
Q109538468,sungura,1
Q11700058,folk-pop,346
Q241662,groove metal,50
Q1673922,isicathamiya,1
Q2707994,Catalan rumba,10
Q12876996,Greek hip hop,2
Q613408,country rock,90
Q1753803,mor lam,43
Q4797274,art song,26
Q181014,fugue,1
Q3525838,quan họ,1
Q11319210,techno-pop,18
Q944465,jazz rock,34
Q852767,Southern rock,67
Q1127539,Delta blues,27
Q6496560,Latin ballad,56
Q436016,early music,39
Q284543,ethereal wave,14
Q3048168,mákina,5
Q1524296,Neue Volksmusik,63
Q753679,gangsta rap,358
Q212688,dub music,86
Q12362064,emo rap,55
Q1191544,kuduro,7
Q2089511,death-doom,5
Q5731395,bolero ranchero,1
Q60973191,darksynth,1
Q216961,Eurodance,113
Q2337447,meditation music,1
Q1503406,music of the Middle East,2
Q108556049,Italo pop,2
Q8361,Baroque music,133
Q476983,synth-punk,12
Q6153324,trova paisa,1
Q622871,psychedelic trance,49
Q3337494,Ndombolo,4
Q91841612,tarab,1
Q2000173,Gnawa music,12
Q124791567,Drum and bass electronic rock,1
Q1151259,nueva canción,8
Q3347022,bhawaiya,1
Q113627735,alternative urban,2
Q753520,Christian rock,85
Q3052655,low bap,2
Q2456210,true metal,1
Q55644985,trap metal,20
Q5118383,chutney soca,1
Q98528185,African folk music,1
Q3401087,poésie courtoise,1
Q7858125,Twin Cities hip hop,1
Q1425111,western music,16
Q2697917,go-go,6
Q7911938,vallenato-salsa,1
Q106239244,svatbarskata muzika,6
Q6950428,música criolla,22
Q3392209,tonada,6
Q1431327,pub rock,8
Q1271752,Texas blues,23
Q1521688,ghettotech,1
Q915152,progressive house,120
Q116192789,gommance,1
Q485915,trot,424
Q1247105,singjay,1
Q5421158,experimental hip-hop,34
Q174873,cantata,35
Q109148913,organic house,2
Q7125908,Pakistani popular music,1
Q2497323,suomisaundi,2
Q1132152,math rock,10
Q11307326,city pop,26
Q598929,post-punk,205
Q484692,hymn,8
Q837389,Latin jazz,131
Q685884,vocal music,173
Q4078107,bard rock,18
Q837837,power pop,89
Q856872,rap metal,36
Q20820817,Frisian pop,1
Q1061165,champeta,1
Q59351462,DPRK-pop,1
Q3328711,Mandingo music,2
Q354204,Argentine folklore,14
Q790188,avant-garde jazz,66
Q16323732,shaabi,3
Q469343,UK rap,84
Q6016474,Fantezi,4
Q936573,crunk,46
Q1455292,French house,15
Q9067503,reggae punk,2
Q115483855,Jersey drill,4
Q1374731,Eurodisco,32
Q90568328,phonk,15
Q13060093,Sufi rock,2
Q97278139,brega funk,3
Q130344249,Type Beat,1
Q1055871,Japanese rock,32
Q11401,hip-hop,4978
Q7405765,salsa romántica,2
Q4763552,Anglican church music,1
Q2956164,Quebec chanson,4
Q7855391,Turkish pop,16
Q12845743,symphonic mugham,1
Q2812726,banda music,6
Q1646666,mambo,5
Q10334896,music of Galicia,2
Q11223087,Persian traditional music,38
Q964987,music of Spain,3
Q9748,concerto,31
Q211745,atonality,9
Q817138,electronica,456
Q98528277,Celtic folk music,3
Q12183214,minimal music,1
Q209741,programme music,1
Q7196456,Pinoy hip hop,3
Q2280273,mod revival,1
Q15720097,bhavageete,3
Q24876318,drumstep,2
Q3328720,Mixed music,3
Q483352,thrash metal,232
Q101552821,gothic rap,2
Q124352838,Bronx drill,9
Q3963051,smooth soul,2
Q105627377,progressive jazz,8
Q2045695,shock rock,16
Q97368941,Hebrew music,2
Q7125918,Pakistani rock,1
Q1640319,experimental music,294
Q1938987,club house,1
Q105756581,big band music,372
Q360596,disco house,1
Q783874,nasheed,28
Q3108920,glitch hop,6
Q719927,symphonic rock,23
Q109469638,indie dance,1
Q107407607,hard trap,1
Q5072880,chap hop,2
Q10757361,Vietnamese folk music,2
Q105697765,impressionist music,6
Q486415,symphonic metal,90
Q3397325,music of Mexico,3
Q2956224,Inuit throat singing,1
Q107589110,Karelian folk music,2
Q388475,Cuban rumba,10
Q835891,funk rock,32
Q106560659,Mongolian pop,1
Q16625659,space ambient,4
Q112997482,drift phonk,3
Q106634926,future bounce,4
Q5177472,country and Irish,7
Q1130969,fandango,1
Q5332963,eclecticism in music,1
Q125687720,road rap,11
Q8251828,brega pop,4
Q12200830,progressive electronic dance music,2
Q846784,music of Sweden,1
Q1074569,chipmunk soul,3
Q1202208,joropo,11
Q11325235,neo-acoustic,2
Q7770873,bal-musette,3
Q724755,early hardcore,2
Q123753500,phonk house,1
Q11135733,novokomponovana narodna muzika,1
Q252626,jota,3
Q1143743,cumbia romántica,1
Q4875789,beach music,1
Q1634085,tecno brega,8
Q1045541,G-funk,50
Q85748774,Brazilian bass,6
Q99470350,Campirano,4
Q1192110,C-pop,74
Q5464464,folk jazz,5
Q133709530,joropo llanero,1
Q33246019,big-beat (Eastern bloc),7
Q7439349,Scrumpy and Western,1
Q3328797,musique actuelle,4
Q3365745,parang,1
Q65089257,punk rap,21
Q1182371,deep funk,2
Q703778,neo-psychedelia,16
Q1990122,Celtic punk,7
Q2281713,cantiga,1
Q973150,mandopop,269
Q2452152,dark psytrance,2
Q12257561,euskal kantagintza berria,1
Q109713745,modern laika,11
Q610022,kaseko,3
Q7139128,parlour music,1
Q7129072,Pambiche,1
Q5099460,chimurenga music,1
Q173844,vocal house,2
Q972424,old-time music,63
Q3724778,emotional hardcore,17
Q5128236,classic country,1
Q371745,timba,14
Q107539785,Israeli pop,2
Q108556056,samba soul,1
Q1931555,microhouse,5
Q124253576,Eelam Melody,1
Q106404229,melodic dubstep,1
Q250090,Ruba'i,1
Q183504,indie rock,1079
Q108834047,mele ʻauana,1
Q18379604,Christian electronic dance music,1
Q325504,electronic rock,39
Q181010,hard bop,100
Q384064,African gospel,1
Q4736555,alternative reggaeton,6
Q236913,space rock,23
Q972634,African popular music,151
Q4971442,British rhythm and blues,3
Q854451,Celtic music,109
Q10831132,tình khúc 1954-1975,12
Q130369429,brincao,1
Q470611,Italian hip-hop,14
Q60729751,soulful house,1
Q1071873,Chicago blues,64
Q220830,surf music,22
Q222445,marinera,1
Q2961759,Moroccan chaabi,12
Q115138321,Ainu music,1
Q17091278,Romanian muzica populara,24
Q48855105,Iê-iê-iê,3
Q3305039,malhun,2
Q7142141,pasillo,3
Q24887126,post-progressive,1
Q6942010,music of Bahrain,2
Q2738544,Mizrahi music,80
Q11938280,Uyghur music,1
Q672134,music of France,3
Q2715398,plena,3
Q40461,bachata,49
Q880270,traditional black gospel,2
Q22949256,aita,7
Q257533,music of Japan,7
Q2743,musical play,223
Q6161710,vidala,1
Q28206879,Brill Building,3
Q11398105,gekiban music,1
Q1879175,ländler music,1
Q4925966,kantrum,1
Q1077388,sentimental ballad,57
Q7983231,Were music,1
Q1759189,mangue bit,4
Q775614,neofolk,30
Q1465419,music of Greece,5
Q10360435,rhythm & grime,1
Q3360459,pagode,6
Q508790,chastushka,1
Q97181439,arrocha funk,1
Q13025600,Thai classical music,1
Q598593,tech house,58
Q387236,African hip-hop,5
Q7654953,Swedish folk music,2
Q16986699,cha-cha-chá,5
Q515074,Louisiana blues,3
Q16250593,pub rock,2
Q4942839,boogie,4
Q109426115,maloya élektrik,4
Q25419286,Gaúcho rock,1
Q3328764,Thai pop,59
Q5753407,carranga,1
Q3328590,French baroque music,3
Q185676,fado,105
Q1166197,dark metal,1
Q56580,digital hardcore,5
Q16527140,adult-oriented rock,1
Q3482281,visa,78
Q4789437,Argentine cumbia,7
Q193355,blues rock,285
Q1770695,Hindustani classical music,65
Q109834799,Assyrian folk music,1
Q3328603,music of Bolivia,1
Q9149801,ambient techno,5
Q109941986,ratchet music,1
Q107010574,halftime,2
Q98528171,minimal synth,1
Q3397882,progressive pop,4
Q1136765,uplifting trance,17
Q5747258,canción melódica,12
Q6168369,Afro-jazz,11
Q1413570,sardana,2678
Q5447390,fife and drum blues,1
Q28102012,disco-pop,2
Q1033073,candombe,8
Q2338544,cante jondo,2
Q428656,album-oriented rock,25
Q107819512,German folk music,1
Q12302979,battle rap,9
Q5747907,canto popular uruguayo,4
Q3553356,Hiragasy,1
Q61360197,Jaranan dangdut,1
Q108297196,Bengali folk music,1
Q936552,music of Tunisia,2
Q106576145,neoclassical music,5
Q1754592,nerdcore,18
Q2956468,Chaoui music,13
Q1751782,Nashville sound,2
Q11365,grunge,72
Q2988851,Finnish rock,13
Q2084353,electronicore,1
Q3394906,music of the Caribbean,37
Q1899347,post-punk revival,11
Q4797,conjunto,4
Q123923529,bubblegrunge,1
Q53806314,éntekhno,53
Q4736507,alternative electronic,4
Q18358879,outsider house,6
Q61340552,stage and screen,14
null/unknown,null/unknown,345480
Q8341,jazz,13590
Q722989,Hungarian folk music,2
Q203775,swing,262
Q4668383,indigenous rock,3
Q188994,drum and bass,154
Q1378776,music of Ireland,106
Q24383,German rock,1
Q822914,Christian metal,35
Q110592429,traditional gospel music,1
Q2271846,sampler-based music,1
Q124399713,Jersey club rap,1
Q15975701,narodnozabavna glasba,1
Q850412,contemporary R&B,1586
Q7810544,tizita,1
Q10331354,moda de viola,2
Q37073,pop music,12985
Q107267759,Arabic jazz,1
Q1403744,electro-industrial,12
Q1684520,jazz blues,3
Q283405,punta,1
Q21684437,rumba,3
Q19708604,funk ousadia,2
Q123223381,Pontic Greek music,1
Q140544,toccata,1
Q3117305,group sounds,31
Q12826679,maqom,7
Q117745444,Pop Minang,12
Q85775929,Latin R&B,30
Q16562829,harsh noise,11
Q1046768,música popular brasileira,639
Q6110313,Catholic Christian rock,1
Q835562,habanera,12
Q12881722,nisiotika,9
Q535402,tropipop,2
Q11912270,caramelles,2
Q3140141,honky tonk,5
Q3053954,new flamenco,11
Q3328768,music of Sri Lanka,1
Q108575656,tchinkoumé,1
Q271802,symphonic poem,11
Q2256407,hip-hop soul,43
Q3322869,Palm Desert Scene,3
Q2187392,alternative dance,19
Q718540,gagaku,3
Q6742070,Malaysian popular music,4
Q639197,instrumental music,74
Q2210998,sacropop,3
Q202930,reggaeton,421
Q5110317,Christian country music,46
Q11363,screamo,8
Q9734,symphony,564
Q106876075,bubbling,1
Q2296495,garage punk,13
Q213121,new age music,161
Q1045756,microtonal music,13
Q1632601,nuevo tango,4
Q1262781,dub techno,2
Q138605895,zoomergaze,1
Q2668052,Dutch-language music,24
Q2832970,dialect music,4
Q1544863,music of Cuba,8
Q968730,industrial rock,33
Q3879286,nueva canción chilena,10
Q4851628,ballet,15
Q11366,alternative rock,2086
Q1641839,experimental rock,134
Q7050752,Nordic folk music,3
Q183862,metalcore,125
Q3211884,music of the Balkans,3
Q12876995,Greek folk music,55
Q1929352,roots rock,16
Q16977816,Moroccan pop,2
Q1139136,horrorcore,86
Q7229757,Vietnamese popular music,2
Q846119,psychedelic music,30
Q132598288,anti-racist music,3
Q870340,chalga,119
Q781402,piyyut,1
Q577080,P-Funk,2
Q2742742,music of Andalusia,4
Q65937774,breaks,2
Q5794676,Chilean cumbia,2
Q5612172,grupera,5
Q361164,Wienerlied,6
Q3487087,Smyrneiko,3
Q131535017,Argentine hip-hop,2
Q341395,acid techno,10
Q19860267,Kazakh pop,1
Q1391336,comedy rock,35
Q106528422,glitch pop,4
Q2529400,urban contemporary,131
Q208239,salsa,189
Q854775,bhajan,18
Q1207347,Shibuya-kei,26
Q2634010,acid breaks,1
Q8261759,asturianada,8
Q1455487,Frenchcore,6
Q1067089,throat singing,6
Q10367226,samba-sincopado,1
Q109322851,mashcore,1
Q964658,outlaw country,13
Q131535007,Colombian hip-hop,1
Q1165777,UK garage,43
Q114443489,partyschlager,1
Q104847619,tread rap,2
Q194172,nocturne,2
Q2902385,Teutonic thrash metal,1
Q492643,trad jazz,4
Q11911997,canto valenciano,1
Q14390274,tango,604
Q2004156,industrial hip-hop,6
Q828243,futurepop,5
Q869750,Okinawan music,2
Q1123037,nursery rhyme,1
Q4949812,bounce music,9
Q1338153,20th-century classical music,23
Q5105480,Chouval bwa,1
Q485395,gothic rock,75
Q60463676,dolewave,1
Q828181,Rock Against Communism,3
Q5956785,hymn tune,1
Q464129,mariachi,20
Q132531675,feminist music,2
Q1071961,Chicago house,1
Q4846346,bassline,4
Q65943778,traditional country music,2
Q25413973,Fandango (Colombia),1
Q12701217,pop yeh-yeh,2
Q125848864,Milwaukee hip hop,1
Q3328601,Berber music,1
Q125455354,reggaelton,1
Q31837971,NS-rap,2
Q2835456,Nigerian hip hop,2
Q6748746,mangambeu,1
Q704073,ars subtilior,4
Q221934,narcocorrido,1
Q25629962,kawih,1
Q124312240,Afro fusion,15
Q3453150,Congolese rumba,28
Q10922,hardcore punk,190
Q3091180,shashmaqam,4
Q125850367,cuplé,2
Q1530455,vocal jazz,47
Q65937017,atmospheric black metal,4
Q873478,enka,221
Q1620079,hipster hop,1
Q109500733,Swiss folk music,1
Q13627677,psychobilly,10
Q12046406,contemporary popular music,3
Q65937845,funk soul,4
Q384181,freestyle rap,23
Q59158,dhrupad,1
Q226887,noh,1
Q16942070,Mexican folk music,2
Q213149,viking metal,15
Q3644819,cello rock,1
Q2665906,music of Armenia,3
Q1190565,jangle pop,9
Q17153632,tallava,2
Q126281100,New York drill,1
Q624081,Arabic pop,31
Q2448147,trailer music,2
Q1166158,dark cabaret,8
Q18208255,Igbo highlife,2
Q8072085,Zimbabwean hip hop,1
Q25448883,pagode baiano,3
Q118123304,post-folk,2
Q1810546,Turkish folk music,53
Q1325966,electro wave,1
Q815536,Belgian hip hop,3
Q947155,kirtan,1
Q111540441,Greek pop,1
Q83270,hard rock,1119
Q115218587,nhạc trữ tình,5
Q5151495,comedy music,28
Q2537356,Bay Area thrash metal,1
Q3827483,Latin hip-hop,37
Q310871,lowercase,1
Q1891685,Russian chanson,97
Q16056349,Indian rock,4
Q108321657,jackin' house,1
Q606393,Hi-NRG,23
Q4376204,Eastern Orthodox music,7
Q648311,Detroit blues,1
Q17000631,Australian folk music,2
Q6036543,litoraleña music,1
Q116690325,power ballad,1
Q5185778,criolla,1
Q431415,tejano music,26
Q85787413,música cebolla,1
Q6918602,motswako,3
Q1185390,disco polo,16
Q533914,National Socialist black metal,2
Q1159539,dangdut,163
Q3843655,couplet,40
Q25554481,punk music,8
Q278409,Hokkien pop,35
Q245296,zydeco,21
Q2235352,carnavalskraker,2
Q892958,boogaloo,4
Q106926325,Brazilian folk music,1
Q1772422,stoner metal,3
Q1615483,soul jazz,21
Q7749,rock and roll,597
Q56351111,classic rock,7
Q7832302,traditional Nordic dance music,1
Q1452401,għana,3
Q830634,Minnesang,3
Q1141081,lounge music,35
Q1151260,D-beat,1
Q3622181,tonadilla,2
Q13026479,Phleng Lae,2
Q21000514,rawstyle,3
Q106589886,Waiata,1
Q2111784,production music,5
Q6819034,merengue típico,1
Q111973339,American roots music,9
Q6110296,rock subterráneo,1
Q2090950,Byzantine music,17
Q127472147,Hindi music,1
Q497957,nueva trova,4
Q3437873,Peruvian rock,1
Q2494949,Gato,1
Q546359,doo-wop,30
Q1583807,art music,133
Q211781,free jazz,169
Q122616091,muzika yehudit mekorit,1
Q4056436,bard song,199
Q6036427,Andean music of Peru,10
Q2551540,punk blues,2
Q5934478,campus folk song,2
Q18846,ancient music,1
Q918542,British blues,3
Q2362669,kwassa kwassa,1
Q1884689,Indo pop,5
Q663519,breakbeat,44
Q1033831,canticle,1
Q5510857,Future soul,1
Q28502454,Canarian folk music,1
Q135472492,Dangdut hip-hop,3
Q585588,Khaliji,67
Q2722134,lavani,1
Q573484,rocksteady,27
Q1166321,darkstep,2
Q3858,music of Israel,44
Q9302696,mafioso rap,22
Q1420722,partido alto,1
Q79784514,progressive electronic music,3
Q868855,old-school hip-hop,20
Q25093633,tsapiky,4
Q151942,mazurka,2
Q1752683,soukous,32
Q2706919,country rap,19
Q724010,Ashiqs of Azerbaijan,2
Q12326776,metal music,11
Q928825,garage house,12
Q834959,samba rock,12
Q1756680,songo music,1
Q107736421,soundtrack,27
Q655514,freestyle music,30
Q7972788,Wassoulou music,3
Q11403,samba,320
Q1930107,kroncong,10
Q1060475,chamamé,15
Q5871848,Latin American fusion,9
Q12411192,Israeli hip hop,5
Q29252685,trikiti,12
Q213572,Neue Deutsche Härte,12
Q111357005,RKT,5
Q4034145,antipop,1
Q352235,Chicago jazz,2
Q6826021,Mexican cumbia,3
Q327547,cool jazz,47
Q108297241,flamenco pop,5
Q2662148,Celtic rock,15
Q4852979,Baltimore club,7
Q3328694,Kabyle music,15
Q3437841,French rock,27
Q1913888,power noise,2
Q1136846,sinfonia concertante,1
Q33160145,ambient pop,5
Q744417,Italo disco,39
Q253137,rock opera,15
Q1166726,grime,91
Q1162461,Hungarian folk song,2
Q3135801,Serbian hip-hop,5
Q98528253,pop reggae,1
Q1136045,wonky,1
Q15697534,drill,145
Q188285,motet,9
Q3141414,Hawzi,6
Q1062328,Chanson,3
Q25345818,hypnagogic pop,2
Q3025242,pimba,8
Q3328583,music of Algeria,5
Q123177120,franco,2
Q899215,music of Brazil,97
Q1048469,music of Scotland,3
Q29973057,gqom,3
Q475221,deathcore,13
Q122474125,egg punk,1
Q179465,polyphony,34
Q7402829,Sakara music,1
Q1868278,black doom,2
Q2465085,ambient house,1
Q541947,anthem,3
Q131272,soul,2000
Q85740017,Afroswing,13
Q1051575,humppa,1
Q6022257,Indian folk music,11
Q3071,punk rock,911
Q106015533,wedding music,1
Q4996773,bullerengue,1
Q106586219,Japanese folk music,1
Q546206,Miami bass,5
Q1413061,tropicália,6
Q10283582,electronic forró,12
Q724473,chorale,4
Q19358266,electro latino,2
Q591990,jazz standard,2
Q10367225,samba rap,2
Q116006456,Hindutva pop,1
Q4117103,music of Sudan,6
Q106641536,Afro-funk,4
Q106547171,funk paulista,1
Q968018,music of Belize,1
Q831354,Smooth jazz,56
Q1650296,instrumental rock,56
Q890575,punk metal,1
Q2631396,Brazilian rock,5
Q726239,noise music,67
Q49451,progressive rock,619
Q920883,music of Colombia,4
Q542971,progressive death metal,2
Q4400837,Russian romance,11
Q370515,new wave of British heavy metal,4
Q3785731,New Zealand hip-hop,3
Q1751409,2-step garage,5
Q484179,folk metal,75
Q2461933,sunshine pop,4
Q2265866,brutal death metal,3
Q85741139,Amapiano,20
Q28746819,bedroom pop,31
Q1621467,symphonic black metal,14
Q742341,modern creative,22
Q26473,Gregorian chant,3
Q377910,post-hardcore,110
Q6821898,semi-classical music,2
Q76825003,"folk, world and country",5
Q487965,industrial music,88
Q56342556,classical crossover,9
Q155119,cuarteto,5
Q155858,music of Ukraine,2
Q6799787,mbube,1
Q739138,teen pop,48
Q12408914,contemporary Jewish religious music,17
Q965635,underground hip-hop,92
Q213608,beatboxing,6
Q1265050,terrorcore,1
Q108857881,piseiro,3
Q2266376,boogie rock,2
Q3328743,music of the Philippines,1
Q4631020,21st-century classical music,26
Q11787379,ritual music,1
Q9759,blues,1793
Q1339121,contemporary worship music,35
Q211723,speed metal,34
Q341364,acid house,16
Q427183,music of Puerto Rico,23
Q16525381,Afro-zouk,6
Q2101610,political punk,1
Q12483322,Gamad,1
Q105763581,experimental electronic music,1
Q7295057,rasin,2
Q55641646,Russ music,1
Q663979,glee,1
Q1470503,semba,4
Q2893435,mawwal,1
Q602646,comedy hip-hop,32
Q277393,music of China,3
Q108757333,Tuvan throat singing,3
Q9778,electronic music,1639
Q846833,crossover jazz,91
Q1983116,New York hardcore,1
Q5794690,cumbia sureña,4
Q6153818,tunantada,2
Q829147,protest song,40
Q1785243,Long song,1
Q1936659,Nederpop,35
Q3069904,porro,4
Q15077373,Neues Geistliches Lied,1
Q12274240,Bulgarian rock music,1
Q2726026,konpa,28
Q4251198,Kui,5
Q106642120,Bashkir folk music,2
Q94951462,Auvergnat folk music,8
Q113509746,French contemporary R&B,22
Q3328660,middle of the road,126
Q1026089,Cajun music,59
Q7127417,Palestinian hip-hop,2
Q1597549,kizomba,16
Q213665,K-pop,1283
Q830325,horror punk,24
Q5464445,folk baroque,1
Q106642094,Atlanta bass,2
Q640097,electric blues,92
Q252833,Alpine folk music,17
Q254890,nova cançó,8
Q586110,forró,47
Q5794688,cumbia santafesina,2
Q918727,revue,7
Q1440196,ambient industrial,1
Q805130,ballade,46
Q6868046,Minneapolis sound,1
Q227036,zouglou,15
Q1515757,jump blues,8
Q1076092,technical death metal,27
Q15893013,funk ostentação,11
Q1147752,incidental music,106
Q1773654,country folk,6
Q771291,sean-nós singing,23
Q932977,crossover thrash,17
Q8701407,waltz,9
Q10343541,pagode romântico,1
Q848852,Eurobeat,16
Q107022156,television soundtrack,2
Q529742,boom bap,15
Q236932,acid rock,14
Q1379958,contemporary Christian music,421
Q1317816,indie folk,176
Q1775316,progg,8
Q5110298,Christian alternative rock,6
Q108297209,canzone d'autore,4
Q3531526,tondero,1
Q106590078,Israeli folk music,2
Q916387,exotica,11
Q13409536,pantomime,1
Q339906,happy hardcore,14
Q48445,mashup,8
Q2258450,Spanish hip-hop,8
Q10801090,Vietnamese diasporic music,7
Q8032087,wonky pop,1
Q2866725,Balearic beat,2
Q76092,glam rock,96
Q114023769,slow-rock,8
Q910606,music of Brittany,55
Q96740854,bass music,7
Q26234147,Afro trap,9
Q118120984,Punjabi pop,1
Q119889474,trap soul,1
Q263734,nu metal,107
Q185162,Latin rock,17
Q97277483,New Jersey sound,2
Q25456501,pop melayu,20
Q16954055,bro-country,1
Q1164252,deathrock,4
Q60722009,Kasékò,1
Q2517263,Midwest hip-hop,49
Q201405,Renaissance music,32
Q1482325,Islamic music,9
Q320592,Krautrock,27
Q1435509,folktronica,31
Q1014887,burger-highlife,1
Q6783396,maskandi,1
Q85765918,hauntology,1
Q5264196,Desi hip hop,4
Q98528166,Latin electronic music,1
Q217295,mass,6
Q1775526,Contradanza,1
Q1737332,mainstream jazz,6
Q109873092,social media pop,2
Q10836741,xẩm,1
Q28401124,yacht rock,5
Q3535998,Indian pop,45
Q206159,psychedelic rock,244
Q106581470,surf rock,3
Q132438,black metal,220
Q4452477,Tatar folk music,1
Q7847156,truck-driving country,1
Q23019151,reggada,1
Q4849865,Balakadri,1
Q108177317,Māori showband,1
Q805044,Balkan brass,3
Q109526125,taiko music,2
Q2998920,country soul,1
Q106591506,bubblegum bass,1
Q3437855,Malaysian rock,1
Q7410145,sampledelia,1
Q3419345,Romanian hip hop,1
Q484344,progressive metal,199
Q105637106,clubjazz,1
Q5683605,Maddahi,5
Q2621049,Afro-punk,1
Q110592306,alté,7
Q3089524,huapango,2
Q665286,luk thung,94
Q6040713,neofolklore,5
Q213714,bluegrass music,229
Q3328774,symphonic music,98
Q2271589,Sephardic music,2
Q741702,melologue,3
Q373342,popular music,516
Q1427690,daina,2
Q2929369,bélé,4
Q51560345,intuitive folk,1
Q106654149,Yiddish folksong,1
Q186170,doom metal,64
Q1162475,nóta,13
Q1195253,sea shanty,5
Q12274232,Bulgarian folk music,145
Q10370558,sertanejo universitário,9
Q2332751,avant-garde music,132
Q486365,anarcho-punk,16
Q3542334,turlute,1
Q820049,gabber,13
Q1048249,Italian folk music,1
Q7309098,regional Mexican,50
Q118146900,Haryanvi music,1
Q3106448,zamba,4
Q6966089,Balkan folk music,5
Q212112,bel canto,4
Q111133885,pluggnb,3
Q5100799,Chinese hip hop,1
Q617338,apala,2
Q212024,spirituals,17
Q675553,swamp rock,8
Q16993565,Afro-Peruvian music,2
Q3121396,Basque radical rock,1
Q1784106,Powerviolence,1
Q1715700,Jùjú music,6
Q3328740,music of Pakistan,1
Q2916253,music of the Trecento,4
Q1541229,American folk music,25
Q1931130,funk carioca,51
Q58339,disco,270
Q12007812,trønder rock,3
Q531426,music of India,6
Q766240,cueca,8
Q783097,college rock,2
Q10370216,seresta,1
Q1472271,pastoral,1
Q1418683,kayōkyoku,224
Q2982341,coladeira,3
Q496929,maloya,54
Q138020,French hip-hop,107
Q3541635,tsugaru-jamisen,5
Q28949059,depressive black metal,1
Q205978,circus music,2
Q544440,Indian film music,95
Q51446080,Zhōngguó mínjiān yīnyuè,3
Q4069711,Armenian folk music,8
Q2336819,operatic pop,39
Q39046859,harsh noise wall,5
Q484641,pop rock,1486
Q7308175,reggae rock,16
Q6010117,Memphis rap,26
Q15300817,big room house,19
Q970409,unblack metal,2
Q57143,power metal,140
Q18204859,Igbo rap,2
Q856713,Christian hymn,4
Q623904,Andalusi classical music,20
Q3630966,avant-prog,5
Q1371364,ethno jazz,19
Q387916,twist,6
Q3410876,punta rock,1
Q65031097,Gengeton,1
Q12479445,congdut,1
Q1695023,alternative music,79
Q674684,sevdalinka,20
Q8074636,zouk-love,1
Q21662779,Neue Musik,2
Q47005557,Breton rock,8
Q3328681,popular folk music,31
Q823080,no wave,10
Q69596,Thumri,5
Q650316,drone music,38
Q836571,fantasia,1
Q10367221,samba-funk,3
Q3083000,kan ha diskan,7
Q41343,post-metal,16
Q3724735,emo pop,13
Q105527,jazz fusion,700
Q740911,ragga,46
Q2307786,huayno,28
Q2268922,cowpunk,6
Q383982,psychedelic pop,24
Q1683348,Japanese hip-hop,10
Q109378734,popcorn music,1
Q108124565,incelcore,3
Q786815,turbo-folk,62
Q1323698,Indian classical music,132
Q10334890,music of Mali,3
Q420883,LGBT hip hop,2
Q11787389,club/dance music,18
Q388906,hardcore,67
Q4058252,Azerbaijani folk music,2
Q1484821,Brazilian classical music,1
Q107539904,estrada music,6
Q111133884,rage,22
Q105404852,hi-tech psytrance,1
Q17053024,folkhop,2
Q7306376,reductionism,1
Q31930766,symphonic power metal,1
Q6701559,luk krung,5
Q111540535,cantautor music,11
Q239459,trip rock,2
Q98528482,abstract hip-hop,11
Q11821942,polonaise,2
Q6941842,music for the Requiem Mass,2
Q212952,boogie-woogie,57
Q3591962,Ethio-jazz,10
Q3163340,Afro-Cuban jazz,69
Q10497435,traditional folk music of Hälsingland,1
Q1779294,space age pop,2
Q193207,ambient music,288
Q124099574,cosmic black metal,1
Q1089050,Latin alternative,3
Q2532274,Volkstümliche Musik,22
Q372103,electronic body music,17
Q1299260,roots reggae,18
Q106581679,cobla,1
Q7832297,traditional Japanese music,6
Q96376113,deconstructed club,3
Q3135791,Ivorian hip hop,1
Q1123745,Glam punk,6
Q6130346,slam death metal,1
Q187760,new wave,633
Q2566660,British rock,1
Q848457,speedcore,9
Q3328697,music of Jordan,1
Q1125657,conga,1
Q1195630,canzone napoletana,15
Q106594706,cinematic classical,4
Q2374619,UK hardcore,6
Q2238236,Christian hip-hop,109
Q108615898,Cretan folk music,2
Q63885,Christian punk,1
Q3090876,funaná,4
Q3735537,Ainu folk music,1
Q85755605,dancehall pop,2
Q1426909,flamenco jazz,5
Q3477737,seggae,2
Q546264,beat music,25
Q2406900,twoubadou,4
Q1430587,minimal techno,25
Q101440473,sierreña,2
Q898709,rave music,20
Q12367419,choir singing,2
Q3328692,music of Iraq,6
Q20474,dubstep,140
Q1102161,jungle,18
Q286080,acoustic music,147
Q5643186,cumbia amazónica,4
Q3658336,New Orleans rhythm and blues,1
Q747717,heartland rock,6
Q3631657,aṣíkò,1
Q20825943,Balkan pop-folk,10
Q124692508,jerk,1
Q122143484,scam rap,3
Q3135807,hip hop tuga,2
Q473602,music of Poland,1
Q16837290,Balearic trance,1
Q3908370,pop metal,3
Q3422697,red dirt,4
Q9014988,Jota Aragonese,21
Q3606268,Afro-rock,1
Q822309,cerdd dant,1
Q1518063,Ottoman classical music,61
Q5515214,gaana,2
Q7125896,Pakistani hip hop,1
Q90730712,neo-classic music,1
Q216860,Lied,23
Q1798870,pagan folk,1
Q574651,anti-folk,18
Q1051843,neo-prog,8
Q720959,sludge metal,15
Q1452181,murga,1
Q3084222,hard techno,9
Q3135796,Brazilian hip-hop,1
Q3982213,singing theater,1
Q3328732,music of Occitania,4
Q115625176,Colombian cumbia,1
Q2365784,fidget house,1
Q15830404,bolero,91
Q141459,conscious hip-hop,39
Q209498,2 tone,2
Q6865341,minimal wave,3
Q1490170,slowcore,8
Q2346484,music of Morocco,22
Q54864794,horror music,1
Q188237,music of Cape Verde,1
Q700423,Austropop,2
Q47781397,EDM trap music,22
Q1151663,novelty music,12
Q2047814,Palingsound,9
Q13586773,war metal,2
Q7555120,sokkie,1
Q20102359,Catalan traditional folk music,1
Q123413364,Afro tech,1
Q1840167,witch house,4
Q623824,arabesque,13
Q1928583,Northern soul,2
Q211573,garage rock,112
Q716060,music of Korea,2
Q11324951,new music,16
Q117261741,tôba hanyé,1
Q832665,Hard trance,3
Q65448155,sebene,1
Q110038872,ambient jazz,1
Q1344,opera,5460
Q5466607,footwork,5
Q1585075,breakbeat hardcore,3
Q64055364,ethnic pop,5
Q62128,Khyal,6
Q1036183,carimbó,2
Q16148439,Gaelic music,1
Q1348260,Kagura,1
Q18391540,Christian R&B,2
Q106514601,glitch hop (EDM),1
Q1077172,instrumental hip-hop,5
Q958982,saeta,4
Q3785732,Russian hip-hop,13
Q23301960,dark pop,16
Q66364245,Ukrainian folk music,1
Q7397641,sadcore,3
Q744327,joik,10
Q572901,minimalist music,44
Q423918,acousmatic music,3
Q108250543,music of Mediterranea,10
Q1866223,live electronic music,1
Q681379,Neudeutsche Schule,1
Q649823,country blues,45
Q85477,oratorio,43
Q516568,New Orleans blues,1
Q181897,stride piano,4
Q930995,queercore,6
Q3191747,cadence rampa,6
Q98528141,acoustic Texas blues,1
Q120484427,dariacore,1
Q2464314,brega,27
Q98076452,Sabadell Sound,4
Q135637,chiptune,39
Q1100989,glitch,16
Q379033,arena rock,11
Q3967328,spy music,2
Q613874,neoclassical new-age music,2
Q123707590,pop urbaine,17
Q6749708,Manila sound,2
Q8564213,Punjabi folk music,1
Q97368934,malouf tunisien,1
Q379671,post-grunge,59
Q1914924,mbaqanga,1
Q3889385,music of Chile,1
Q1795903,Kölschrock,1
Q631621,bertsolaritza,3
Q107029644,Hari Raya music,4
Q504635,crossover,59
Q567915,gigue,1
Q164444,funk,648
Q137753347,Antsa (praise),1
Q5393053,filin,2
Q6057482,pala pala,1
Q8560269,dirty south,98
Q104853037,Sundanese music,1
Q5969884,tape music,3
Q1046801,turntablism,11
Q1078010,martial industrial,1
Q17191592,anime music,1
Q1939197,türkü,3
Q7067688,nu-funk,1
Q83440,country music,2904
Q16357920,Albanian hip hop,1
Q896513,Hamburger Schule,1
Q106369996,wave,2
Q94639707,Gascon folk music,22
Q2532560,djent,3
Q117348352,traditional québécois music,14
Q3056538,Latin house,2
Q612024,contemporary classical music,336
Q113186482,Sambalpuri music,3
Q3559240,neo kyma,7
Q858579,big beat,15
Q163491,ars antiqua,3
Q966564,hardcore hip-hop,281
Q124357128,gabberpop,4
Q9051097,Nueva ola,11
Q4045538,nu-disco,21
Q3333303,méringue,1
Q2280497,country pop,67
Q997481,bubblegum music,15
Q1232283,villancico,1
Q1878514,post-black metal,2
Q547137,Latin pop,333
Q108297222,cubaton,2
Q959583,schlager music,487
Q641357,avant-garde metal,18
Q9332634,sacro polo,1
Q17111414,township music,2
Q727634,ranchera,63
Q1076513,choral music,58
Q646026,Argentine rock,7
Q2486179,music of Venezuela,2
Q5793032,cuándo,1
Q108665706,corridos tumbados,13
Q38656,jazz-funk,163
Q107572242,progressive rap,14
Q2225757,Christian hardcore,1
Q19754215,cante alentejano,2
Q1500364,psychedelic folk,21
Q823560,musique concrète,17
Q274401,oi!,4
Q5950055,music of Khorasan,1
Q98528206,ECM style jazz,1
Q9162904,avant-pop,19
Q2626684,chillwave,6
Q110143732,Serbian pop-folk,2
Q11622339,Satsuma biwa,1
Q55648025,Korean ballad,3
Q930592,Italo dance,10
Q2599472,blackened death metal,5
Q6444335,kundiman,4
Q630689,bongo flava,21
Q10296747,mood kayō,2
Q139564613,handbell music,1
Q196999,Zeuhl,8
Q43343,folk music,1796
Q6110311,flamenco rock,4
Q1123763,kávéházi cigányzene,3
Q2743435,psychedelic soul,5
Q212944,klezmer,21
Q7170257,Iranian pop,13
Q1034231,cape jazz,4
Q282131,merengue,56
Q3328758,music of Saudi Arabia,7
Q217191,soft rock,155
Q22991878,chamber pop,18
Q956717,kwaito,13
Q3446440,rub-a-dub,1
Q42201,independent music,147
Q1785028,sleaze rock,1
Q7602145,starogradska muzika,1
Q3349878,ohangla,1
Q2879962,baião,9
Q65943851,UK drill,40
Q5202988,cải lương,4
Q1243254,lento violento,1
Q460674,ska punk,47
Q6296743,jovem guarda,3
Q1457545,pagan metal,6
Q502535,morna,12
Q1808721,sound poetry,2
Q104695865,hyperpop,46
Q56353998,Southern metal,3
Q3470692,samba-enredo,5
Q2997058,melodic black metal,2
Q25099840,Afrobeats,133
Q10846275,Akiba-pop,1
Q5618068,gumbé,1
Q492264,film score,181
Q492067,Buddhist music,3
Q19880374,Mongolian folk music,1
Q2253688,dark music,1
Q1752801,Rock in Opposition,1
Q851213,electronic dance music,516
Q1973965,Nederhop,34
Q9095433,waka music,1
Q4088026,blatnaya pesnya,7
Q1298934,synth-pop,359
Q963369,vispop,9
Q107189715,Arabic classical music,1
Q906647,Dixieland jazz,63
Q5184215,Creole music,5
Q6665252,Phleng phuea chiwit,12
Q21260785,rara tech,1
Q205049,world music,701
Q20819985,Hasidic music,55
Q110185782,melodic techno,11
Q2342263,space music,6
Q6496549,Latin soul,2
Q725888,Italian progressive rock,2
Q691771,overtone singing,1
Q483740,Anatolian rock,14
Q1958247,Brazilian gaucho music,25
Q105636937,experimental techno,1
Q2391393,Armenian rock,2
Q4696445,ahwash,1
Q3328676,music of Europe,1
Q1227093,Bilbainada,1
Q185298,a cappella,39
Q2863648,arrocha,8
Q3840596,dark wave,41
Q10335288,nacional-canconetismo,1
Q1507298,lo-fi music,77
Q1956166,Muwashshah,3
Q116764541,science fiction music,1
Q115612369,mbolé,4
Q2106887,psychedelic hip-hop,5
Q108297238,euphoric hardstyle,1
Q107000797,Korean folk music,1
Q30638997,mumble rap,27
Q1786724,marrabenta,6
Q7077860,Odissi music,20
Q97375316,poetry song,2
Q210854,ars nova,4
Q104847359,Brooklyn drill,13
Q773880,bitpop,1
Q3274667,campursari,5
Q105637123,leftfield hip hop,1
Q2710523,ragga jungle,1
Q389631,jumpstyle,2
Q2261628,chopped and screwed,4
Q46046,baroque pop,47
Q124022145,Rapfrobeat,1
Q18217098,New Mexico music,4
Q13646229,gothic music,5
Q1983750,mainstream hardcore,1
Q3510161,Memphis soul,2
Q3327514,Galician folk music,4
Q193217,madrigal,4
Q1062400,chanson,545
Q2343562,coldwave,7
Q1443316,Christmas music,3
Q1113204,dub poetry,1
Q2416307,outsider music,14
Q592330,dream pop,78
Q2278881,shima-uta,2
Q1259016,drill and bass,2
Q3876770,nightcore,2
Q28517114,Andean music (Colombia),3
Q45981,rhythm and blues,1982
Q9764,flamenco,280
Q756956,dark ambient,34
Q641318,medieval folk rock,1
Q23817363,parody song,1
Q109382160,plugg music,12
Q98528195,lăutărească music,8
Q9334632,screamo rap,2
Q539089,third stream,9
Q6036466,música popular colombiana,2
Q3791697,chopper,10
Q2369761,salon music,10
Q7005181,new acoustic music,2
Q60199541,emo rock,2
Q6774721,military music,20
Q430075,maxixe,2
Q11560476,kiyomoto-bushi,2
Q1245902,spectral music,1
Q2324411,geek rock,2
Q19938910,synthwave,29
Q1884018,Garifuna music,1
Q4349839,chèo,1
Q840065,new jack swing,17
Q724104,music of Azerbaijan,2
Q17108017,Zimdancehall,1
Q189045,Britpop,35
Q956883,Carnatic music,174
Q4490718,melodic metalcore,1
Q3575673,zoblazo,2
Q6301761,benga music,3
Q108197774,colour bass,1
Q1436228,Gwerz (Breton song),3
Q110592414,Christmas rock music,1
Q66686936,electro-orchestral music,1
Q124060761,Igbo Christian music,1
Q4145841,rock fusion,2
Q316930,dance music,573
Q3032212,diva house,1
Q2087267,laïko,185
Q109653544,shatta,2
Q4006465,Urlatori,1
Q80725127,future funk,1
Q367751,pachanga,1
Q11058823,music of Martinique,1
Q660984,intelligent dance music,58
Q438503,alternative hip-hop,339
Q101112088,kaskawi,1
Q2736181,punk jazz,5
Q4428744,son cubano,20
Q15629158,medieval metal,1
Q1744327,sound art,5
Q10367259,sambalanço,4
Q592060,free improvisation,53
Q53677895,Navarese jota,1
Q2737175,mélodie,7
Q7692752,tecnocumbia,7
Q7118426,alternative R&B,100
Q2748817,ghetto house,5
Q13034199,Afrikaans music,1
Q6942277,music of Somalia,2
Q1433387,drone metal,5
Q1784032,viking rock,4
Q1781796,sega,55
Q963061,highlife,53
Q20631510,Ameripolitan,2
Q3437832,Spanish rock,4
Q112628064,big music,1
Q885561,blue-eyed soul,70
Q465978,extreme metal,47
Q3389124,pirate metal,1
Q6111428,romantic style,2
Q942955,milonga,6
Q1373485,underground music,4
Q7185310,Philippine folk music,2
Q378495,Russian pop,16
Q9078960,Motown,2
Q5716953,bakalao,1
Q1414130,filk,6
Q5690818,rock urbano mexicano,1
Q750811,minimal house,4
Q890887,Eurotrance,3
Q6432024,Korean rock,5
Q1074080,music of Turkey,2
Q503354,Christmas carol,2
Q4290471,minstrel song,2
Q3328714,music of North Macedonia,2
Q3655696,cante flamenco,1
Q13634037,samba-jazz,11
Q469630,Canadian hip-hop,12
Q1499262,yellow music,30
Q12307741,dansktop,1
Q936942,post-industrial music,3
Q14546558,neo-bop jazz,3
Q1193470,theme music,1
Q1793004,Kurdish music,5
Q132778448,shit talk,1
Q1692318,modinha,4
Q7085499,Old time fiddle,1
Q1567032,Southern soul,2
Q1989725,nigun,1
Q5640528,Hakka hill song,1
Q2917227,Israeli rock,5
Q85785117,Mexican hip-hop,1
Q10978770,Jewish religious music,1
Q2994332,rock en español,23
Q106493832,slap house,3
Q1987980,breakstep,1
Q1643549,dance-punk,11
Q2500734,meykhana,12
Q733804,hands up,5
Q24935256,Candombe beat,1
Q109833526,Scandinavian pop,1
Q20903,brostep,6
Q835131,Goa trance,4
Q209137,post-rock,85
Q65937946,modern classical music,12
Q117745223,Brazilian funk,4
Q15042720,copla,35
Q11320501,digital rock,1
Q4159719,Armenian jazz,2
Q25047660,Serbian folk music,2
Q6188299,Jesus music,6
Q3135794,Quebec hip hop,4
Q131269,sonata,9
Q18110001,Azerbaijani pop,2
Q854844,bhangra,58
Q3328779,urban classical music,1
Q10979284,Tarling,1
Q1815364,makossa,28
Q107290934,hookah rap,2
Q3437814,Basque rock,1
Q65154273,Siberian punk,1
Q16024685,Afro-soul,16
Q474027,dancehall,318
Q105637110,jazz house,17
Q10334885,music of Benin,1
Q1092837,post-bop,210
Q5794983,currulao,1
Q4400498,Russian folk music,15
Q114239322,carnival music,1
Q5967604,urban contemporary gospel,28
Q65177809,Tsyganskiy romance,4
Q1428470,klapa,1
Q839029,raï,55
Q3328622,Russian classical music,1
Q7205507,plunderphonics,6
Q17007779,Latin Christian music,2
Q332478,absolute music,1
Q6908884,mor lam sing,1
Q783243,Australian hip-hop,26
Q223840,hardstyle,56
Q138807858,Afro-raga,1
Q98528143,post-minimalism,1
Q6942130,music of Java,1
Q106298881,contemporary folk music,63
Q12010046,Norwegian vocal folk music,1
Q1958273,sertanejo,97
Q513357,coupé-décalé,25
Q606089,skiffle,10
Q659599,art punk,17
Q1156570,dabke,4
Q101417642,Catholic music,1
Q57392588,foxtrot,1
Q1065742,religious music,122
Q3029796,disco-funk,1
Q888612,deathgrind,5
Q12497663,psalm,5
Q3570024,ethnic music,17
Q1309336,classic female blues,5
Q853873,cantopop,201
Q727803,Canterbury scene,3
Q1564596,taarab,8
Q110592421,Christian pop,1
Q388100,Afro house,16
Q8964779,Nigerian gospel,2
Q15733887,vaporwave,11
Q1548603,West Coast jazz,4
Q6979961,Native American hip hop,1
Q4215151,samba-canção,14
Q25094849,art pop,39
Q2526653,mainstream rock,11
Q98528139,tribal ambient,1
Q1091056,funktronica,2
Q784310,electro hop,3
Q378988,adult contemporary music,87
Q31837446,dark jazz,2
Q2354912,street music,1
Q7800608,desert blues,3
Q113082312,demenzial rock,1
Q105757139,dansband music,35
Q646679,Neue Deutsche Welle,10
Q20502,house music,835
Q114880130,bass music (EDM),6
Q3710513,music of Haiti,1
Q185858,Franco-Flemish School,1
Q11700065,pop soul,7
Q98528178,chamber folk,6
Q1982426,New Orleans jazz,1
Q1872505,lovers rock,12
Q116296482,melodic house,4
Q969663,political hip-hop,46
Q461064,music in advertising,3
Q1051735,soca music,19
Q3141879,huaylarsh,3
Q109146989,piano house,1
Q2281409,dance-rock,15
Q116256909,Korean traditional music,1
Q534606,swamp blues,3
Q130247900,Ghanaian drill,1
Q65937906,leftfield electronic,1
Q1076539,choro,53
Q126335126,hypertechno,1
Q114107195,psycore,1
Q1585015,hard house,7
Q98842769,serrieño,1
Q1730388,Western swing,31
Q17058526,political music in China,1
Q27190,proto-punk,30
Q922865,trancecore,1
Q1064810,Chinese rock,3
Q12736122,muzica ușoară românească,2
Q121667432,psychedelic rap,10
Q105636940,leftfield house,1
Q5716336,baguala,2
Q3328739,music of Palestine,3
Q2064394,worldbeat,9
Q27345019,bass house,19
Q9794,reggae,1137
Q483251,death metal,280
Q194492,gamelan,5
Q6158987,Japanese reggae,1
Q106544624,eletrobrega,1
Q446241,neo-medieval music,2
Q189201,chamber music,80
Q108297236,entechna laika,13
Q109916244,British folk music,1
Q2076779,bubblegum dance,1
Q624221,Arabic hip-hop,2
Q10801096,Purple music,35
Q4971454,British soul,2
Q109914703,Rajasthani folk music,1
Q217467,art rock,141
Q3974631,boerenrock,1
Q235858,traditional folk music,1763
Q3345491,Rabindra Sangeet,3
Q98528203,experimental big band,1
Q874038,deep house,99
Q1046920,Dōjin music,4
Q19816,batucada,1
Q2864671,art lyrique,8
Q486263,bossa nova,199
Q107515261,digicore,7
Q224694,white power music,1
Q5510816,future garage,5
Q124705104,trapeton,1
Q15931253,dimotiko,4
Q852027,impromptu,1
Q2138639,Levenslied,17
Q3032090,Salegy,5
Q2961766,Algerian chaabi,30
Q121032006,national music,1
Q2090023,piano rock,4
Q18345375,Latin music,71
Q9300201,samba de roda,1
Q3613770,ambient dub,1
Q3328710,music of Lebanon,14
Q5069525,chamber jazz,3
Q2991840,snap music,8
Q842324,indie pop,677
Q55296418,occult rock,1
Q1744304,sound collage,2
Q106130091,post-dubstep,2
Q602561,electro swing,4
Q525073,music of Asia,2
Q95469495,alternative pop,67
Q3564915,wabap biguine,1
