gender,genderLabel,artist
Q6581097,male,107024
Q6581072,female,40582
Q48270,non-binary,336
Q1052281,trans woman,298
Q2449503,trans man,74
Q18116794,genderfluid,46
Q12964198,genderqueer,36
Q189125,transgender,11
Q27679766,transmasculine,10
Q505371,agender,9
Q301702,two-spirit,9
Q27679684,transfeminine,7
Q121307100,intersex woman,4
Q138806923,intersex trans woman,3
Q7677449,takatāpui,3
Q1097630,intersex,3
Q17148251,travesti,3
Q15145778,cisgender man,3
Q121307094,intersex man,2
Q15145779,cisgender woman,2
Q113124952,undisclosed gender,2
Q859614,bigender,2
Q124850662,apagender,1
null/unknown,null/unknown,1
Q124637723,gender agnostic,1
Q93954933,demiboy,1
